UUID,Title,"First Name","Last Name","Street Address",Barangay,Municipality,Province,Country,"Phone Number","Mobile Number","Company Name","Company Website","Job Title","Favorite Color",Birthdate,"Email Address",Password
240b14c1-8faf-355d-8585-d993e1356f4f,Prof.,Marcelina,Weimann,"88A/88 O'Hara Street",Poblacion,Dasmariñas,"Agusan del Sur",Philippines,276-987-959,"(0912) 684-5619","Hegmann, Barrows and Christiansen",http://www.boyle.org/qui-qui-sit-sequi-totam.html,Sociologist,yellow,2021-01-19,braun.riley@strosin.com,kIj8ctPD%ktGJg
31917e6f-563c-3751-a1da-933804df171f,Prof.,Evert,Von,"87A Strosin Gateway",Poblacion,Iligan,"Davao del Norte",Philippines,812-270-522,"+63 (980) 256-9754","Hermann and Sons",http://www.heller.com/dolor-ut-labore-quasi-vel-perspiciatis.html,"MARCOM Director",silver,2009-05-23,labadie.vidal@prosacco.net,xIIm@<D@MNP
4c157dc7-d831-3793-a005-c6adaa390a43,Miss,Porter,Hettinger,"79 Smitham Turnpike Suite 897",Poblacion,Tanauan,Iloilo,Philippines,419-547-614,"(0900) 926-0543",Cassin-Haag,http://weissnat.com/nam-tenetur-sit-molestias,"Railroad Switch Operator",yellow,2013-01-21,hmarvin@daniel.com,w&4H4X
942a3e43-2e07-3296-8dbe-e40e05820e71,Prof.,Cassie,Kuvalis,"25 Grimes Viaduct",Poblacion,Tagbilaran,"Occidental Mindoro",Philippines,564-844-792,"+63 (977) 644-3890",Stiedemann-Murray,http://koss.biz/quas-sit-aut-nihil-maxime-veniam,"Career Counselor",navy,2015-06-03,bridget.russel@greenfelder.info,ZxQ`V=H_wzw
df026a1a-b0ed-38f5-90f6-88c8fb1208f1,Ms.,Rory,Predovic,"03A Welch Mission Suite 052",Poblacion,Digos,Catanduanes,Philippines,992-458-259,"+63 (931) 413-7900","Bergnaum PLC",http://wilderman.com/ut-sunt-aut-voluptatum-aut-architecto-corrupti-adipisci.html,"Train Crew",navy,1988-03-04,cheyanne63@kohler.biz,wZ&iOjzdx%A2o<:yI
a4d1891b-f180-37b3-8c57-6d719b66e9f1,Mrs.,Mason,Ledner,"77/13 Treutel Causeway Apt. 681",Poblacion,Gapan,"Sultan Kudarat",Philippines,456-018-544,"+63 (935) 118-1002","Windler Ltd",http://walter.net/,"Driver-Sales Worker",navy,1974-03-11,umante@pfeffer.com,qL|9_FWO)!
e350d5d0-59ad-3bed-b9a0-e6733c189337,Ms.,Rubye,McLaughlin,"51A/57 Erdman Shoals Suite 522",Poblacion,Panabo,"Metro Manila",Philippines,730-731-294,"(0947) 468-8361","Cormier, Douglas and Welch",http://www.gutkowski.com/id-dolorum-aliquid-qui-reiciendis.html,Actor,purple,1973-07-13,federico93@langworth.com,i+i}-lo7lmF`MT+F
0a923a0f-9bf4-369c-a87b-27c038937eae,Ms.,Meta,Flatley,"76A Murphy Stravenue",Poblacion,Tanauan,Batangas,Philippines,906-583-674,"+63 (999) 787-1287","Berge, Crooks and Morar",http://kertzmann.com/rerum-sit-voluptas-eligendi-qui-quibusdam-veritatis-ea-et,Astronomer,silver,1997-02-14,gdurgan@kuhn.com,qn08[k;QTIG
e6d0105c-661f-36c4-b8d2-2da6fa20a752,Ms.,Vinnie,Thompson,"67/55 Terry Springs Apt. 932",Poblacion,Oroquieta,Antique,Philippines,229-893-441,"(0949) 548-5599","Marvin PLC",http://friesen.biz/,"General Farmworker",teal,1984-06-16,hjohnston@frami.com,3yN)#3GmEz
33b0d1f7-9b1e-380c-96ae-0b81f7894ca6,Prof.,Maximo,Johns,"31A/08 McKenzie Mountain Apt. 176",Poblacion,Passi,Bukidnon,Philippines,239-694-685,"+63 (908) 545-9538",Gulgowski-Stoltenberg,https://hoppe.net/quo-et-sunt-numquam.html,"Tank Car",white,1982-10-17,reinhold61@hotmail.com,Lf[R}|ZUzmkh
8b7baf98-ca93-3aec-ab26-b6d024a94815,Dr.,Freda,Marvin,"72 Schroeder Harbor Suite 104",Poblacion,Malaybalay,Tawi-Tawi,Philippines,201-477-523,"+63 (977) 876-4538","Hane, Monahan and Moen",https://www.little.com/et-quam-laboriosam-iste-veritatis-nihil-voluptas,Inspector,green,2017-04-23,delores.blick@hirthe.com,[E+5pYw1y8/Qn}
fa3ae411-4429-35a0-a4b1-bf78d6d507bf,Prof.,Ardith,Kemmer,"69A Miller Locks Apt. 604",Poblacion,Vigan,"Davao del Sur",Philippines,678-966-765,"+63 (998) 650-6143","Franecki, Pouros and Nitzsche",http://schneider.info/dolor-aut-quia-non,"Securities Sales Agent",white,2023-12-07,tyler.purdy@windler.info,<5/2CGKf$V>~cH)m~o
97a593f5-b0e9-334c-9b47-8fc56ed61ba2,Prof.,Jake,Klocko,"31/84 Hammes Greens Suite 123",Poblacion,Danao,Romblon,Philippines,214-710-774,"+63 (927) 563-3111","Flatley Group",http://www.smith.org/,"Metal Fabricator",olive,2008-06-19,bettye.smith@schultz.com,">f],~WUVK_$"
87038414-3665-3038-b679-b7a1cd644500,Prof.,Jamarcus,Hand,"68/67 Corwin Roads Apt. 020",Poblacion,Iriga,"Zamboanga Sibugay",Philippines,952-823-853,"+63 (944) 941-7696","Ankunding, Corwin and Heller",http://www.streich.info/mollitia-repellat-aliquam-cum-rerum,Statistician,lime,2015-08-07,magnus.von@hotmail.com,&T(5DeQ)O<
0a2101d4-af64-3bcb-ae9f-abe72c409e2a,Prof.,Harmony,Hansen,"43A/25 Schultz Canyon",Poblacion,Navotas,Sorsogon,Philippines,261-882-317,"(0910) 161-7577","Hirthe Inc",http://becker.com/in-corrupti-debitis-alias-est.html,"Biochemist or Biophysicist",aqua,2008-01-29,manley.carter@kihn.com,rQ]^XbN{~
ef9c7219-8daa-3951-9517-a4cac6d19f5e,Ms.,Eveline,Gleason,"28A/68 Turner Cliffs Suite 094",Poblacion,"General Santos",Benguet,Philippines,811-883-528,"+63 (907) 917-7945","Becker PLC",http://stokes.com/et-voluptate-expedita-nobis-repellat-saepe-repellat-natus,"Night Security Guard",aqua,1971-06-29,mauricio.hahn@yahoo.com,1'qV1$3%tT|
61f0fa9d-2aad-347b-b2fd-9c4c3a959c2e,Prof.,Keshaun,Mayer,"63A Sporer Court",Poblacion,Olongapo,Samar,Philippines,886-841-809,"+63 (933) 619-3385",Heller-Keebler,http://www.roberts.com/totam-doloribus-atque-adipisci-id.html,"Office and Administrative Support Worker",purple,2007-03-20,rita.boyle@hotmail.com,v9m(<G:W6=
7615f12a-7c02-3299-9e14-c1c1561e93a7,Dr.,Anna,Abbott,"06A Adams Brook",Poblacion,Gapan,Basilan,Philippines,235-136-429,"(0940) 211-8769","Klein, Medhurst and Beahan",http://kuhn.com/totam-alias-non-ut-et-unde.html,Landscaper,purple,2001-05-13,ebarrows@hill.com,3E=h'Q^Nv*N(-
2bfac4ae-3c6e-3851-9e35-28a724d6e392,Dr.,Ora,Nicolas,"27A Fahey Branch Apt. 095",Poblacion,Bacoor,Leyte,Philippines,920-085-119,"(0911) 769-7951","Abernathy, Monahan and Leffler",http://www.jakubowski.info/,"Education Administrator",purple,2014-01-18,howell15@spencer.com,"<#,<9]@F8xn[!le$x3"
e547517f-eee1-3a6b-bdb4-ef14d6bbac16,Ms.,Verner,Swaniawski,"23A Williamson Light Apt. 052",Poblacion,Bais,Apayao,Philippines,643-067-645,"(0915) 113-5831","Steuber, Pagac and Grady",https://mcclure.biz/qui-autem-fuga-perferendis-explicabo-voluptas-fugit-praesentium.html,"Forest Fire Fighter",navy,1976-08-09,blair.bartoletti@gmail.com,('*qQ_l1}p
c4bf4810-859f-3162-b453-dfa117dd15a7,Ms.,Annetta,Rosenbaum,"42/94 Turcotte Causeway",Poblacion,"Sorsogon City",Palawan,Philippines,985-741-450,"(0996) 817-6032",West-Lueilwitz,http://www.krajcik.com/,"Architectural Drafter OR Civil Drafter",maroon,1972-08-25,pgoldner@hamill.com,MTk1/vhFOhY9lC]!!3y
e4d349fb-606c-3052-9d41-3c733768276c,Mr.,Ilene,Bosco,"20A/34 Torphy Tunnel",Poblacion,Pasay,Apayao,Philippines,535-283-230,"(0919) 994-8344","Wilderman LLC",http://www.cummerata.com/architecto-perspiciatis-itaque-saepe-rerum-ullam-quia,Electrician,olive,2006-06-22,lawson.mccullough@kautzer.com,>Ziq*@.aD
1c767bd4-ec4f-3d51-9811-41ed72b4a7fe,Prof.,Eva,Dicki,"41/84 Wilderman Plaza",Poblacion,Mandaluyong,"Ilocos Sur",Philippines,054-920-239,"(0998) 845-8781","Vandervort Inc",http://www.feeney.info/,"Biological Scientist",lime,1997-06-28,zjacobs@yahoo.com,2ef)YG$(F(Djgs
72ba88a7-da20-3802-9bb5-4bb9eb470360,Dr.,Tyson,Wuckert,"67A Leuschke Mission Apt. 091",Poblacion,Imus,Marinduque,Philippines,850-636-468,"+63 (940) 158-8454",Schuster-Prohaska,https://www.koch.info/suscipit-debitis-fugiat-impedit-labore-harum-rerum-odio-suscipit,"Rock Splitter",green,1997-03-04,madyson42@hotmail.com,nm^d'Np)4JM
0f4e2557-1f24-3c9f-84d4-3d358b95fa27,Dr.,Vilma,Morissette,"50A/95 Durgan Overpass Suite 004",Poblacion,Tanjay,Bohol,Philippines,436-600-572,"(0932) 545-8597",Wolf-Homenick,http://dickinson.org/recusandae-et-expedita-ut-similique.html,"Government Property Inspector",blue,2017-05-08,tkoelpin@yahoo.com,q'^??Zu_zAP6@iKEfXS
32a5cfb6-26d1-3505-a66c-139904ab3f88,Prof.,Wellington,Bauch,"51A Howell Crest",Poblacion,Talisay,Basilan,Philippines,377-485-304,"+63 (977) 921-3412","Swaniawski, Fay and Ankunding",http://walsh.info/,"Air Traffic Controller",green,1994-02-09,zakary.gleichner@powlowski.biz,URbtNK~[
b2eed770-1c00-3771-bd7d-7afe797aa27f,Prof.,Troy,Gislason,"44A Feeney Shore",Poblacion,Digos,"Zamboanga del Norte",Philippines,542-491-079,"+63 (919) 553-0882","Moore, Dooley and Nolan",https://www.weissnat.com/totam-itaque-dolorum-sunt-vero-doloremque-sit-nam,"Director Of Marketing",blue,2010-10-29,bmills@gmail.com,"AZ:56hJn7fS)yRd\"
5baf89cb-a378-391f-b0a1-db48d7967c73,Dr.,Esther,Collier,"84A Crooks Stravenue Suite 086",Poblacion,Sipalay,Pangasinan,Philippines,475-190-716,"(0928) 308-4727","Dickens, O'Connell and Denesik",http://metz.com/quo-aliquam-provident-inventore-quo-nihil.html,"Welder and Cutter",lime,1992-06-12,regan.jones@ledner.com,"4`@6y,B!BrV,vwWG"
3382af82-0cea-32da-a39c-6330f5f3e2df,Prof.,Alexys,Veum,"54 Mills Stream Suite 109",Poblacion,Balanga,Masbate,Philippines,236-744-223,"(0921) 930-5211","Windler LLC",http://rath.biz/nisi-voluptatem-qui-qui-repudiandae-similique-est.html,"Musical Instrument Tuner",blue,1979-12-12,stamm.katherine@yahoo.com,RU9gsm#D/N|xWVQ
8c1f8cef-0662-36fa-8d08-eb98aa5377be,Dr.,Newton,Rogahn,"55 Farrell Valleys",Poblacion,Iriga,Camiguin,Philippines,161-182-308,"(0922) 246-0346","Graham Group",http://www.hand.com/at-exercitationem-ut-est-iste-dolores-aut.html,"Agricultural Product Grader Sorter",purple,1994-01-16,orunolfsdottir@gmail.com,GdzqJ%NNpnnE>-{^
dcc6772c-b898-39a0-821e-81b30e3d2604,Miss,Sophia,Labadie,"18A/38 Bahringer Squares Suite 620",Poblacion,Guihulngan,Zambales,Philippines,690-827-038,"+63 (979) 753-4329","Hessel, Yost and Lang",http://www.mayert.com/velit-ea-minus-reiciendis-nobis-iste-dolor-accusantium-voluptates,"Gaming Dealer",fuchsia,2008-11-23,runte.claire@hotmail.com,"!X|u6rKnHV/i:+2""@w"
1a2afde9-e6cc-360e-84a4-40ad81d109c9,Dr.,Renee,Emmerich,"07A Ankunding Island Suite 075",Poblacion,"La Carlota",Laguna,Philippines,635-797-660,"(0947) 905-4969","Romaguera PLC",https://www.waters.com/est-labore-blanditiis-at-similique,"Clinical School Psychologist",silver,1986-01-16,adelia93@gmail.com,fl8]:)S/YG9K8l]S)
1d853647-3560-394c-bc37-3dd727577b25,Dr.,Citlalli,Kemmer,"68 Hirthe Gardens Suite 001",Poblacion,Iligan,"Occidental Mindoro",Philippines,951-283-810,"+63 (949) 885-6769","Kutch, Ferry and Huel",http://upton.net/aut-culpa-aut-deleniti-est-in,"Industrial Production Manager",navy,2000-02-05,halvorson.odell@leffler.com,"xq*\<-6gQ|"
0e6d5fd3-033c-3cca-906e-f2a6a41fdb94,Ms.,Travon,Greenfelder,"75/80 Stoltenberg Squares",Poblacion,"San Fernando","Dinagat Islands",Philippines,980-649-714,"+63 (926) 987-5843",Nader-Stehr,http://heathcote.com/iste-minus-officiis-dolor-voluptate-dolorem-cum-quia,Waiter,purple,2002-09-12,yhermann@grimes.com,Y)lMO$Dy4N8-S}sOy.
48899713-2c13-3b25-b769-8b4da90ba6ea,Dr.,Dovie,Ritchie,"12/47 Romaguera Lane",Poblacion,Cabuyao,"Eastern Samar",Philippines,643-908-677,"+63 (947) 127-0803",Cole-Maggio,http://dach.com/rerum-minus-provident-ad-labore-odio-laudantium-harum.html,"Web Developer",teal,1990-05-15,dnitzsche@hotmail.com,*{BS!qmmkSZ:#
b717658b-c881-30f4-9b26-7a9692c45fb9,Ms.,Jaclyn,Larson,"11A/49 Rodriguez Spurs Suite 240",Poblacion,Cabanatuan,Quirino,Philippines,395-614-689,"+63 (817) 594-9869",Reilly-Abbott,http://durgan.org/eum-facere-est-ipsam-eum,"Plant Scientist",navy,2018-10-26,dennis.yundt@gmail.com,";Olb/3F"">S""%9C"
617905a7-4474-3336-af3d-8603ede42304,Prof.,Magdalena,Swaniawski,"58A Graham Loaf",Poblacion,Malabon,"Zamboanga del Sur",Philippines,812-489-305,"+63 (921) 143-3647","Towne Group",https://www.bednar.com/reiciendis-totam-nostrum-est-explicabo-doloremque-sequi,Bookkeeper,lime,2024-04-06,tomas17@lebsack.biz,"F8""$q.[XGMo0b}9-ruj'"
8a3ac004-eb8e-3628-a16e-9888d764909f,Prof.,Alia,Hand,"92/35 Okuneva Keys Apt. 649",Poblacion,Muñoz,"Davao del Sur",Philippines,171-107-901,"(0975) 389-6053","Gorczany Inc",http://www.reichert.com/voluptatibus-nulla-cum-inventore-rerum-odio.html,"Sheet Metal Worker",gray,2008-06-11,kohler.mohamed@gmail.com,"sQ9z6<\nx"
44d2fd40-9608-3a38-946e-f515b62673a4,Mrs.,Theo,Zulauf,"93/64 Vandervort Turnpike Apt. 910",Poblacion,Valenzuela,"Zamboanga del Sur",Philippines,722-111-469,"+63 (918) 356-5278","Schultz, Sauer and Gottlieb",http://mohr.net/commodi-sit-est-molestiae-tempore,Taper,green,1982-01-20,rosenbaum.casandra@barrows.com,kn~fF?jo<(!%IF+
773f6caf-416c-31eb-8e07-bf3b8eb4179e,Prof.,Dena,Blanda,"82A Feeney Avenue",Poblacion,Ligao,"Zamboanga del Sur",Philippines,141-532-809,"(0937) 296-3160","Dibbert, McCullough and Ziemann",https://orn.com/voluptatem-amet-aliquam-fugiat-natus-incidunt.html,"Aircraft Body Repairer",olive,1994-03-04,conrad.herzog@gibson.info,cV.Fw2ACdA{%cp
25ba40fc-55e3-3508-a286-c26895030fc8,Dr.,Jeromy,Gusikowski,"23A Cremin Knolls",Poblacion,"Cavite City",Guimaras,Philippines,310-842-219,"+63 (996) 114-2564",Gaylord-Nolan,http://www.osinski.org/unde-molestiae-voluptatem-fuga-consectetur-eius-ducimus.html,"Night Shift",fuchsia,1994-02-09,dsimonis@paucek.com,6#gu!F
84482dc9-787a-3e11-b050-f9348dd0b05c,Mrs.,Monte,Fisher,"27 Green Lights Apt. 184",Poblacion,Tandag,Sorsogon,Philippines,228-269-033,"+63 (943) 190-3888",Olson-O'Kon,http://marquardt.info/tempore-tenetur-voluptates-omnis-voluptate-voluptas-pariatur,"Social Scientists",aqua,1990-12-11,eduardo.lowe@hotmail.com,"HL\[,85G"
fadadf45-2733-3497-b39b-9556b6ba10c0,Prof.,Adrian,Boehm,"20 Berge Station Suite 463",Poblacion,Dipolog,"Metro Manila",Philippines,215-368-828,"+63 (935) 512-5108","Barton LLC",http://kautzer.com/quasi-illum-sapiente-dolorem-beatae-sed-omnis,"Stationary Engineer",aqua,1975-06-17,barton.freddy@wiegand.com,pSc4xu!3F4L`+ObS[W
d448e2dd-e250-320f-b995-ad66c3fc78c5,Dr.,Matt,Schroeder,"57A/04 Rogahn Rapids",Poblacion,Bais,Batangas,Philippines,030-482-560,"(0923) 576-9203","Schimmel, Anderson and Swift",https://www.barton.com/ab-aliquid-quaerat-et,Spotters,maroon,2024-07-18,monique35@runolfsson.org,@8@0x.wfn0haFPE
f61f5d45-ebe8-3a56-bf2d-882a5e76c675,Miss,Vidal,Schaden,"47A Mertz Pass",Poblacion,Balanga,"Dinagat Islands",Philippines,921-896-192,"+63 (936) 081-9633","Cummerata Ltd",https://www.herzog.info/dolorum-quod-blanditiis-sunt-consectetur,"Ophthalmic Laboratory Technician",white,2005-02-04,romaguera.loma@yahoo.com,"xTflrQ|{g;qhu?]pa%`"""
773413f2-b4e8-34cf-9588-53f6e538a845,Mr.,Kaelyn,Blanda,"55A/85 Larson Ways",Poblacion,Marawi,"Metro Manila",Philippines,902-871-657,"(0915) 227-8207",Oberbrunner-O'Reilly,http://www.welch.com/quaerat-id-reiciendis-cum-voluptate-corrupti-sed.html,"Crossing Guard",black,2002-02-06,icormier@gmail.com,6(rB[_n]R*
54ab35b6-49c9-39fe-bfd8-814ab5d2f5a9,Prof.,Keara,McKenzie,"84A Auer Groves Suite 933",Poblacion,Balanga,Zambales,Philippines,455-919-160,"+63 (911) 595-2263",Murray-Hyatt,http://beer.com/beatae-sint-cupiditate-voluptas-nihil-est.html,"Compliance Officers",yellow,1988-01-20,jerrod.kuhic@yahoo.com,-34.ga
8052ddf0-b95a-37d6-b640-ea7e5444f2ac,Dr.,Karelle,Conn,"11A Sanford Flat",Poblacion,Naga,"Zamboanga Sibugay",Philippines,190-344-434,"+63 (997) 416-7688","Hermann Inc",http://www.schinner.biz/iure-sed-consequuntur-eum-eum,"Telecommunications Facility Examiner",yellow,1987-05-01,karolann.oconner@hotmail.com,xfA~Y}L8]6~k`/HGS>
5048213a-ccee-3015-82f8-912282343d1f,Miss,Katelynn,Cronin,"60A/08 Bradtke Shoals Apt. 565",Poblacion,Santiago,Isabela,Philippines,652-184-776,"(0949) 221-2827","Schumm LLC",http://shanahan.biz/,"Life Science Technician",black,1995-08-10,frederique.ankunding@rice.com,&KcxFc[6;?l1SA`W^$
f77fb569-e09b-3aeb-9ca4-57fefd211a93,Prof.,Erick,Thiel,"21/87 Kutch Plaza",Poblacion,Makati,Pangasinan,Philippines,264-380-894,"+63 (940) 959-9237","Wehner, Labadie and Ortiz",http://hackett.net/ut-laboriosam-quis-quibusdam-facere-ut-aliquid-aliquid,Platemaker,yellow,1976-03-12,vivianne74@grady.net,jjTnimmd87-6
f31c5198-489b-315b-8faa-2891c83ce09f,Mr.,Rae,Price,"02A/53 Weimann Ports",Poblacion,Balanga,Bohol,Philippines,576-951-090,"+63 (925) 392-7223","Breitenberg PLC",https://www.brown.org/aut-dolor-dolorem-impedit-odio-qui-eius-sed,"Ophthalmic Laboratory Technician",gray,1999-01-13,bennie71@rath.org,"u_,lQNfd.F>N'rgSw|R"
a166c48f-7c4c-38b3-a738-560642697079,Prof.,Deshaun,Stamm,"16A/51 Mosciski Parkways Suite 289",Poblacion,"San Juan",Benguet,Philippines,561-469-670,"+63 (980) 684-0037","Waelchi, Murazik and Walker",http://gaylord.com/repellat-et-nostrum-qui-voluptatem.html,"Mapping Technician",maroon,1992-10-19,greg05@yahoo.com,N1i0GAWd.&;n`#P
84620dd6-4fa2-3dd3-b94d-c4bf464a8357,Mr.,Stewart,Nader,"12A Koepp Island Apt. 737",Poblacion,"Zamboanga City","Lanao del Norte",Philippines,961-405-198,"(0930) 584-6889",Gibson-Von,http://www.hudson.com/est-excepturi-quas-quo-aut.html,"Real Estate Association Manager",green,1980-05-10,dameon25@hand.com,"2D]NZ0""O]"
b8fa4e79-e02b-3e42-9ad3-abe033e5c569,Mr.,Gudrun,Gottlieb,"34A/12 Luettgen Streets",Poblacion,Manila,"Negros Occidental",Philippines,581-672-338,"(0817) 503-7831","Harvey, Brekke and Ledner",http://west.info/sit-quas-accusamus-reprehenderit,"Entertainment Attendant",gray,1981-09-14,cullen04@schmeler.com,OH)qK4gvb1N
8e8549ce-9c44-3728-aa63-b728ebf60c67,Miss,Arnoldo,Block,"40/68 Hartmann Manor",Poblacion,Oroquieta,"Dinagat Islands",Philippines,920-458-448,"(0919) 228-6295","Stokes, Gerlach and Auer",https://www.bergstrom.com/labore-necessitatibus-maiores-inventore-at-necessitatibus,"Explosives Expert",teal,1998-12-20,kory.schmitt@yahoo.com,)/L?'48
742011a3-cf59-3089-8ef2-42fbe41c66b2,Dr.,Hollis,Crona,"29/19 Hettinger Throughway Apt. 294",Poblacion,Navotas,Pampanga,Philippines,593-394-663,"+63 (935) 748-5347","Carter, Breitenberg and Herman",http://bahringer.com/sequi-repellat-consequatur-sed-sit-repellat,"Oral Surgeon",gray,2002-09-04,alfred92@hodkiewicz.com,?5yNN!n<~72}%<-jD+g>
566e7a4a-666e-32ba-b347-abb77e5f927e,Dr.,Madeline,Rolfson,"80/56 Effertz Station Apt. 267",Poblacion,Guihulngan,Cavite,Philippines,187-051-925,"+63 (911) 016-8551","Yundt, Block and Trantow",https://www.jenkins.com/unde-optio-reiciendis-ut-et,"Offset Lithographic Press Operator",green,2001-03-26,raleigh01@goldner.com,"-)UD3:nEr^L+w%`\}C4"
0179f5fc-42c9-32d1-abeb-31a3f712aaea,Miss,Gardner,VonRueden,"63/81 Walsh Alley Apt. 243",Poblacion,"Cagayan de Oro",Maguindanao,Philippines,428-821-011,"+63 (994) 931-0045","Daugherty and Sons",https://www.shanahan.org/qui-officia-nostrum-accusamus-corrupti-aspernatur-id-rem,"Biological Scientist",silver,1991-01-09,alice.abernathy@grimes.info,"jYpH60U)1a}e,hp-qk+"
dcc6479e-4b70-3df1-8ce1-6645fa897c10,Mr.,Aryanna,Walker,"51/76 Nikolaus Mews Suite 532",Poblacion,Legazpi,"Nueva Ecija",Philippines,967-873-907,"(0918) 085-1799","Hill Inc",http://www.gutkowski.com/iusto-cum-ut-itaque-nulla,"Traffic Technician",purple,1987-04-21,rquitzon@gmail.com,"""z[4q5s?Ux"
6337717d-21b0-3a8b-9c30-0eb896d223b7,Dr.,Fatima,Mertz,"11A Sauer Hill",Poblacion,Mandaue,Samar,Philippines,175-009-128,"(0919) 856-2101","Krajcik and Sons",http://gusikowski.com/beatae-quas-ad-molestiae-eos,"Sawing Machine Setter",gray,1985-12-29,schamberger.emmalee@zemlak.biz,Uo'52W;pP}%Kf)%
1cf08223-8e97-3272-8af2-19276fa66775,Prof.,Marcelina,Pacocha,"55A/42 Kutch Cliffs",Poblacion,Santiago,Camiguin,Philippines,155-911-016,"+63 (813) 542-6820",Satterfield-Rice,https://fahey.com/cumque-excepturi-quae-ducimus-sed-quia.html,"Musician OR Singer",green,1974-03-12,kerluke.cheyanne@schowalter.com,"\rffde|:\}zO;ch"
ca9a020e-8392-3f83-a1b6-b9d1e8eb7f1f,Prof.,Amy,Collier,"93 Jacobson Rest Suite 888",Poblacion,Angeles,Zambales,Philippines,551-033-268,"+63 (999) 808-8993","Dach Group",http://haley.biz/eum-earum-temporibus-officiis-voluptatem-molestias-enim-cum-eum,"Nursing Instructor",navy,2005-10-17,dhyatt@gmail.com,",e(Ddwf"
09fd84b7-2229-344d-8796-65a21830b910,Prof.,Felipa,Gerhold,"94A/60 Medhurst Junction",Poblacion,Himamaylan,Aurora,Philippines,488-375-059,"+63 (907) 957-3873","Dickinson, Mitchell and Nicolas",http://hoeger.com/delectus-dolor-hic-magni-sunt-veritatis-rerum-accusantium.html,"New Accounts Clerk",silver,2007-03-14,royal05@keebler.info,<|VE)1@vFQ?OoBQra
3ddbc018-c37f-30cc-ba55-085b2323f031,Mrs.,Krystal,Greenfelder,"21 Cronin Lock",Poblacion,Legazpi,"Davao del Sur",Philippines,012-617-246,"+63 (917) 383-8076","Carter and Sons",http://www.predovic.com/,"Mail Machine Operator",olive,2015-07-03,ndubuque@hintz.info,L9#rAjaxXhM{%-FdT
8424e2e4-32f3-3c3d-adbb-5bf8e85b5529,Dr.,Abdiel,Pollich,"68/32 Littel Crescent Suite 344",Poblacion,Cabadbaran,Bulacan,Philippines,035-832-805,"(0933) 283-1102","Brakus PLC",https://www.mann.com/consequatur-rerum-velit-cupiditate-debitis,"Director Of Talent Acquisition",maroon,1986-06-16,rylee.mosciski@witting.com,:[r^Fe
8cf53753-ec14-39e4-99fa-a09a64a7f9ef,Dr.,Eva,Zemlak,"15 Osinski Key",Poblacion,Olongapo,Cotabato,Philippines,694-251-912,"(0949) 064-3021","Daniel, Nitzsche and Kris",https://www.mcdermott.net/unde-vero-itaque-ex-quia-similique-sed-non-alias,"Park Naturalist",maroon,2004-12-17,alexander.monahan@mertz.org,3$3!c/@@P!5
9089bc1f-2073-3ffe-8480-f4666d78eafa,Dr.,Keshaun,Pfeffer,"25 Torp Crescent",Poblacion,"Iloilo City",Leyte,Philippines,210-260-224,"+63 (919) 848-2113","Homenick, Hill and Ryan",https://krajcik.biz/non-aliquam-nihil-eum-iste-suscipit-culpa.html,"Chemical Equipment Operator",olive,1991-08-28,vbins@medhurst.biz,"!T1PzHAC{i;Y?'"""
c1cdedb5-7d19-3a6c-ae41-b67949decf92,Mr.,Jay,Green,"44A/82 Dickinson Station Apt. 883",Poblacion,Parañaque,Sorsogon,Philippines,023-508-565,"(0936) 439-3200",Collins-Torp,http://www.hirthe.info/adipisci-doloremque-facere-tempore-ut-velit-qui,"Boat Builder and Shipwright",aqua,1972-08-05,agoyette@hettinger.com,3%?zE$&dQK%0-!4
57162445-50c1-3d29-a1f7-f7b5be495f8c,Mr.,Flavie,Hammes,"25A Kling Spurs",Poblacion,Parañaque,Bukidnon,Philippines,490-127-006,"(0906) 067-5085",Stroman-Monahan,http://kessler.net/,"Freight and Material Mover",white,1973-01-06,otilia.torp@hotmail.com,SC8ZWH*L:Px}aqA{d
53302fec-edf1-3f35-8949-f95355057122,Miss,Talia,Torphy,"52/41 Stroman Garden Apt. 734",Poblacion,"San Juan","Metro Manila",Philippines,982-988-779,"(0998) 451-5031",Bogisich-McGlynn,http://wiegand.com/blanditiis-atque-pariatur-nihil-dolor,"Business Manager",silver,1978-04-04,grady.helene@gmail.com,}k^v-09
e92a719a-cfc6-3288-9e4f-21650d7e3241,Dr.,Kolby,Marvin,"64A/07 Buckridge Rapid",Poblacion,"Trece Martires",Batangas,Philippines,381-045-265,"(0926) 086-9954",Schaefer-Schroeder,http://wolff.com/,"Fire Investigator",yellow,1998-04-25,jimmy.champlin@yahoo.com,C5{p_k5P
bd332df3-cbe9-3550-9c36-5c98a24fbb72,Miss,Marjolaine,Conroy,"42A/80 Jacobs Trail Apt. 656",Poblacion,"La Carlota",Antique,Philippines,112-267-566,"+63 (931) 338-2266",Cartwright-Jaskolski,https://kutch.com/qui-voluptatum-et-rerum-qui-necessitatibus-ratione-voluptatum.html,"Machine Feeder",maroon,2014-07-09,bettie.armstrong@yahoo.com,"GIPB(SF#xp,-X"
4f586939-f177-359a-939d-739f9e803cdc,Miss,Kane,Jaskolski,"98/19 Stroman Rapids",Poblacion,Urdaneta,"South Cotabato",Philippines,732-489-104,"+63 (923) 556-5171","Lynch, Hamill and Rau",http://www.labadie.com/sequi-inventore-laudantium-natus-quidem-est-dolorum,"Soil Scientist OR Plant Scientist",silver,1997-09-10,wconsidine@gmail.com,FQT|mun7hv3Cb+8MEu
95f3d25c-3dca-3f1f-9abe-6ebde1bb81b6,Mr.,Liana,Weissnat,"99/70 Lakin Extensions Apt. 409",Poblacion,Dasmariñas,Leyte,Philippines,931-595-225,"+63 (942) 279-9745","Hagenes, Christiansen and Keeling",http://mann.com/assumenda-ipsa-aliquam-est-ullam.html,"Museum Conservator",gray,2017-05-25,marlon.cole@frami.org,"q96Sn9},ybN!wKf/.;x"
30587d2d-a157-3aca-98d1-4ae1437963aa,Dr.,Makayla,Breitenberg,"83A Daugherty Roads",Poblacion,"Cavite City",Laguna,Philippines,999-529-095,"(0906) 650-7731","Greenfelder Ltd",http://watsica.com/est-nostrum-iste-blanditiis-aut-qui-dicta-doloremque,Nutritionist,blue,2012-02-14,mortimer.ward@johnston.biz,"9Cv1<\Ks-NM+l'~zeV]e"
42c97b5b-70f4-392e-8005-5199b9249eeb,Mr.,Leopold,Swift,"96 Kozey Shoals",Poblacion,"Cebu City","Mountain Province",Philippines,475-071-316,"+63 (917) 758-0782",O'Reilly-Mraz,http://www.white.biz/numquam-cum-maxime-rem-eaque.html,"Dental Hygienist",yellow,2002-10-13,ddare@daniel.com,l#~QY';/RZy)C#f4oy@z
60b8feb4-69ff-3381-a219-4e3cb07cab40,Dr.,Tomas,Gutmann,"81/60 Hessel Extensions Apt. 773",Poblacion,"San Pedro","Metro Manila",Philippines,025-246-006,"(0996) 274-3724",Morar-Borer,http://eichmann.com/,"Physical Therapist",green,2003-06-04,rollin38@kassulke.net,;hl/]cR>>`L1ldFg@P&*
f52b6cde-261a-3a7a-bf4c-0f484c2ecbe8,Ms.,Hilma,Maggio,"28 Konopelski Flat",Poblacion,Mandaluyong,"Davao del Norte",Philippines,130-803-000,"+63 (813) 246-1101","Breitenberg, Feil and Grimes",http://www.harber.org/numquam-asperiores-saepe-perferendis-tempore-aut-omnis,"Short Order Cook",gray,1999-11-03,white.brice@bailey.com,"H8HOVX{pu\fD4G~="
02d87d95-771a-3ffb-b099-bf2ce861c661,Prof.,Luna,Krajcik,"22A Rohan Shoal Apt. 432",Poblacion,Lucena,Batanes,Philippines,080-656-726,"+63 (907) 287-6278","Schamberger LLC",http://connelly.com/exercitationem-possimus-autem-sint-vitae-molestias,"Paper Goods Machine Operator",white,1973-05-15,karley.ortiz@yahoo.com,u5i<3zya
4502397f-35ff-36a4-a780-bc323f590555,Mr.,Eleazar,Blanda,"86A O'Connell Rapids",Poblacion,"Sorsogon City",Quirino,Philippines,227-478-583,"+63 (939) 276-7274",McKenzie-Volkman,http://hagenes.com/dolorem-ipsa-debitis-sapiente-non,"Nursery Manager",maroon,2011-02-19,schuppe.greta@muller.com,lI&a&t49c:Qxa
8bb544c2-9d75-3dc6-9f96-44c83c0dc27d,Mrs.,Ray,Glover,"27 Mann Burg Apt. 438",Poblacion,Dumaguete,"Northern Samar",Philippines,143-800-776,"(0931) 090-3761","Ullrich PLC",https://murazik.net/debitis-voluptatibus-earum-ratione-nesciunt-autem-voluptatem-rerum-fugit.html,"Statement Clerk",lime,1997-07-14,axel97@hotmail.com,DA{4Lwyp3>.!])IvOlY
e974ee62-b9b9-32a6-8d33-6a48d2f5b9be,Mr.,Kassandra,Harris,"72A/19 Dooley Bypass",Poblacion,"Masbate City",Kalinga,Philippines,743-575-424,"+63 (974) 837-3859","Cormier, Kemmer and Sanford",https://www.larkin.com/cumque-vero-reprehenderit-aspernatur-qui,"Structural Iron and Steel Worker",yellow,1991-06-17,rutherford.hattie@wilkinson.org,":,M$w#WL'"
9b72ab00-c022-3a62-a0be-dd3ffd456054,Dr.,Albertha,Kautzer,"85A Mante Land Apt. 193",Poblacion,Manila,Tawi-Tawi,Philippines,709-111-779,"(0971) 657-2045","Smith, Heathcote and Gottlieb",http://www.shanahan.com/repudiandae-occaecati-qui-officiis-et,"Chemical Equipment Controller",silver,2017-12-12,susana.dooley@vandervort.com,RBJ[UHk}+)#9
2e7ad0e8-9bbe-3c19-97a6-03d3fc6f2c7b,Prof.,Dakota,Wunsch,"68A Feil Forest Apt. 653",Poblacion,Pasay,Leyte,Philippines,026-810-406,"+63 (936) 570-6112","Marvin, Kilback and Breitenberg",http://fritsch.com/,"Telephone Station Installer and Repairer",navy,1982-11-17,langosh.maurice@yahoo.com,AEkt)>8x.te|g
baacd84f-ed5e-3696-bf32-4887751cdcfd,Dr.,Andres,Robel,"80A Streich Throughway Apt. 175",Poblacion,Borongan,Catanduanes,Philippines,636-177-931,"(0910) 999-5471","Marks, Koepp and Hudson",http://lynch.info/,"Manager of Weapons Specialists",olive,1997-12-06,howard23@lueilwitz.com,"\;4_+L"""
d79a7ca1-a9ca-399e-8b36-c4121a3b6d94,Prof.,Cierra,Flatley,"10A/26 Deckow Ports Apt. 484",Poblacion,Toledo,Samar,Philippines,992-634-343,"+63 (973) 102-6108",Lueilwitz-Aufderhar,http://hilpert.com/quis-voluptatem-reprehenderit-id-repellendus-id-ad-sunt.html,"Healthcare Support Worker",olive,2015-02-12,towne.judge@gmail.com,"slbJ\`^'y?"
b1866dcb-dd9b-3107-bd44-1c5c923efe66,Miss,Felipe,Carter,"78/19 Romaguera Burg",Poblacion,Tuguegarao,Sulu,Philippines,676-337-788,"(0912) 630-3841","Pollich, Wuckert and Dibbert",http://www.brekke.com/maxime-esse-sed-occaecati-eligendi-saepe-rerum-iste,"Soldering Machine Setter",yellow,1973-05-22,jenkins.jeramie@gmail.com,eMK#4!GeJpR1<$85v
5a7b7f82-9ff0-3c7c-9a47-084dd94492ac,Dr.,Ernesto,Streich,"52A Romaguera Valleys",Poblacion,Tabuk,Camiguin,Philippines,297-799-923,"(0912) 625-7051",Thompson-Ullrich,http://www.larkin.com/deleniti-nesciunt-eum-assumenda-necessitatibus,"Printing Press Machine Operator",maroon,1982-06-27,irodriguez@yahoo.com,"Hma*{P3SPJz\dyQrO^"
20ba7bb3-197f-32b2-8fdc-3ec03dabfde0,Dr.,Jedidiah,Rutherford,"74A/92 Runolfsdottir Avenue Suite 403",Poblacion,Mandaluyong,Kalinga,Philippines,330-921-050,"+63 (926) 472-2086","Homenick, Wisoky and Schmitt",http://gaylord.com/,"Plate Finisher",gray,2000-09-14,dortha09@gmail.com,"VE""NEYqbCv8>r|"
d236d104-a160-37b6-8a0e-cafea148fb44,Ms.,Laila,Carroll,"46A/95 Klein Groves",Poblacion,Dipolog,Siquijor,Philippines,622-005-459,"+63 (910) 665-3597","Mante, Powlowski and Mante",http://www.rosenbaum.com/esse-nulla-et-provident-et-ea.html,"Credit Authorizer",silver,1993-08-04,mfisher@crona.com,wc!{a2WKv-4IVjP
4a6fde7a-3664-3f42-a0c4-5070076f1975,Prof.,Franco,Harber,"97A/36 McGlynn Wall Apt. 774",Poblacion,Navotas,"Ilocos Sur",Philippines,991-673-434,"+63 (917) 612-0788","Gutkowski, Ryan and Hane",http://www.rodriguez.biz/voluptas-alias-voluptates-velit-ducimus-nisi,Inspector,green,2003-12-12,xgutmann@yahoo.com,<Bme|gx(oFU9W
4a8c4dbb-6a64-3fd9-842d-fcdf4e5b9c35,Prof.,Kenyatta,Graham,"57A Schneider Lodge",Poblacion,"El Salvador","Nueva Ecija",Philippines,494-385-676,"+63 (936) 678-2415",Halvorson-Bahringer,http://parker.com/alias-necessitatibus-iste-officia.html,ccc,olive,1987-02-18,msawayn@hotmail.com,"`u|^o%"""
2f5b1074-df6a-3ccb-bb61-5c66719eb079,Miss,Ariel,Boyle,"17 Dibbert Inlet",Poblacion,Tagaytay,"Negros Occidental",Philippines,146-233-284,"(0930) 192-0615","Sawayn, Ratke and Weimann",http://www.ferry.com/vero-deserunt-quidem-tempore-libero-error,Geoscientists,white,1994-08-03,bode.geo@towne.info,1PO1EQi9Ii
fc245be8-6589-3139-b55b-39161df25f3d,Prof.,Scot,Conroy,"30A/45 Legros Falls Suite 073",Poblacion,Olongapo,Pangasinan,Philippines,133-440-931,"(0944) 482-2944","Cruickshank PLC",http://yost.com/ut-saepe-sed-pariatur-nobis-ad-quia-quis-facilis.html,"Supervisor of Customer Service",yellow,2007-06-01,sruecker@padberg.com,&(wQ<Xwbr/~KS:wLvtcV
e38281b8-809a-336c-8f81-551097f95fec,Mrs.,Savannah,Nikolaus,"21A Pouros Parkways",Poblacion,Himamaylan,Batangas,Philippines,532-930-659,"+63 (916) 063-0108",Simonis-Ledner,http://leffler.com/,"Network Admin OR Computer Systems Administrator",yellow,1971-04-16,sgreenfelder@gleason.com,uen3Vm6B
4117b022-1429-3fa3-83f6-d90414e0d558,Prof.,Melba,Parker,"97 Franecki Ville",Poblacion,Lucena,"Nueva Vizcaya",Philippines,490-815-333,"(0943) 075-8920","Prohaska, Wilderman and Leannon",http://kautzer.info/laborum-ipsam-quas-illum-quo-blanditiis-doloribus-at,"Manufactured Building Installer",lime,2013-01-09,gkoch@cummerata.com,"hK^.e\cd%$e~hmn}I"
cc543dd3-f084-36c0-92fb-1d658bf966b6,Dr.,Grayce,O'Kon,"92A Murray Summit Apt. 793",Poblacion,Urdaneta,Romblon,Philippines,162-487-102,"+63 (999) 571-9523","Spinka Inc",http://rodriguez.com/repudiandae-quas-mollitia-dolorem-nam,"Medical Transcriptionist",teal,1994-04-19,hessel.lorna@hotmail.com,"x;Z,yT1o/Me-p"".2R"
8441d990-b2ef-3870-aaa5-ac374b65a3a8,Miss,Juanita,O'Keefe,"33A/02 Mraz Row Apt. 790",Poblacion,Pagadian,Iloilo,Philippines,369-347-355,"+63 (980) 920-6186","Jacobs, Flatley and Veum",http://www.bosco.com/iste-ducimus-et-sed-molestias-officia-non-consectetur-reprehenderit,"Rail Yard Engineer",black,1995-11-24,brandyn35@cronin.com,6q%PklLtP:k
40c0d539-684d-388d-ab9d-d22f10cfff8b,Mrs.,Viola,Jakubowski,"28 Hackett Glen",Poblacion,Valencia,"Nueva Vizcaya",Philippines,496-740-447,"(0925) 459-3179",Barrows-Donnelly,http://www.glover.info/voluptas-optio-ut-voluptate-excepturi-tempora,"Deburring Machine Operator",white,1997-05-24,rahul97@grimes.org,=8PI9?#S-u&jVFs3
b8fb1ec5-0c1c-3e55-afd2-090296696df1,Miss,Irma,Herzog,"21 Mayer Fords Apt. 759",Poblacion,Imus,Iloilo,Philippines,064-612-710,"+63 (943) 735-3474","Hand, Bauch and Lebsack",http://www.hessel.com/qui-nam-dolor-vitae,Detective,fuchsia,1991-11-20,mafalda.homenick@rosenbaum.com,"M&CX?U08,G%}:,5p"""
abe3bb63-a477-3e1b-89fc-f60194a57993,Prof.,Aubree,Mohr,"31 Auer Hill",Poblacion,"Tarlac City","Sultan Kudarat",Philippines,149-090-092,"+63 (975) 413-0233","Reichel, Wilderman and Windler",http://ziemann.com/dolorem-minus-perferendis-sequi-explicabo,"Human Resources Manager",navy,1990-11-12,diana.upton@hermann.com,)^<1{4P#|:R
460cbbdd-ac15-38a6-86a8-989d7bd67eab,Prof.,Bridie,Cassin,"97A Dooley Hollow Suite 945",Poblacion,Antipolo,Tarlac,Philippines,575-129-460,"(0936) 558-0818","Gusikowski, Weissnat and Abbott",http://www.satterfield.com/minima-temporibus-nulla-dolorem-labore.html,"Aircraft Engine Specialist",maroon,2013-01-17,rodger.hettinger@hotmail.com,"{r^8YEGsR"",Z61v^27p`"
f566523f-5fca-3d70-8a4e-415b8497a180,Dr.,Antone,Abshire,"54A Weber Stream Suite 371",Poblacion,"El Salvador",Ifugao,Philippines,948-184-587,"(0937) 597-7406","Wisozk Inc",http://www.connelly.biz/qui-qui-iusto-occaecati-debitis,"Marketing VP",purple,2024-02-18,mandy.dubuque@gmail.com,VmUkuIl
cca979cf-d348-368d-ab1b-114ee9bc5bd7,Dr.,Billy,Reynolds,"82A Bradtke Spur",Poblacion,Isabela,"Zamboanga Sibugay",Philippines,336-449-310,"(0900) 094-5936","Koss, Pollich and Beer",http://www.gutkowski.com/est-ut-sequi-mollitia,"Fitness Trainer",blue,2017-09-13,mossie.will@yahoo.com,E2'=x^-
fb8ce3a0-0b2a-3e71-951e-6f2f5303d179,Mrs.,Ahmed,Funk,"82A Lebsack Extensions Suite 276",Poblacion,Catbalogan,Abra,Philippines,560-604-890,"(0817) 932-2215","Yost LLC",https://www.doyle.com/saepe-sunt-aut-dolores-quidem,"Computer Scientist",aqua,1996-08-28,maynard13@reilly.com,TXzt@=m9<*Z0
fe5cc54c-2647-3df2-9137-c18a772a0063,Prof.,Russell,Koch,"83 Stanton Mall Suite 426",Poblacion,Bacolod,Pampanga,Philippines,847-013-598,"+63 (926) 107-1523","Schultz, Gaylord and Dach",http://www.green.com/id-non-fugiat-numquam-autem-aut-quia,"Training Manager OR Development Manager",olive,1999-04-06,philpert@yahoo.com,"Hyz5NIw,%2$1R#9"
8b07952e-9e65-328e-95c8-de38fba49ac0,Miss,Cleora,Labadie,"73A/66 Swaniawski Turnpike Apt. 816",Poblacion,Cabadbaran,"Surigao del Sur",Philippines,627-390-185,"+63 (926) 070-9936","O'Kon Inc",http://kub.com/corporis-ipsa-debitis-dolorem-cupiditate-minus-facere-dolor-provident,"Landscape Artist",teal,1992-10-05,mkoepp@gmail.com,"\o[)fy>R}>"
01dda831-4f74-37e3-8df7-d61ab89ef4dd,Dr.,Reece,Rosenbaum,"07A/52 Romaguera Spur Apt. 651",Poblacion,"Cotabato City",Quezon,Philippines,534-145-137,"(0933) 004-1483","Jaskolski Ltd",http://frami.com/assumenda-ut-ex-suscipit-hic-qui.html,"Textile Knitting Machine Operator",gray,1970-01-23,aleuschke@brakus.info,r?s5;>6AK>J#.+T
ad5a4650-1020-3ac3-97ad-d9abba5dfeca,Dr.,Mose,Hauck,"54 Jaskolski Valleys",Poblacion,Santiago,Sulu,Philippines,517-205-071,"(0917) 194-8309",Jenkins-Schmidt,http://www.senger.com/nisi-excepturi-nostrum-et-porro,Telemarketer,fuchsia,1986-06-09,abel57@hotmail.com,AhnFox
e0f81246-5636-32ff-8147-f447313ae574,Mr.,Bertha,Goldner,"54A Kunde Branch Suite 281",Poblacion,"Sorsogon City",Abra,Philippines,059-173-401,"+63 (920) 595-6421","Pacocha, Kreiger and Abernathy",http://olson.com/porro-ipsa-asperiores-rerum-placeat-ea-reiciendis-distinctio.html,Landscaper,olive,2005-02-24,hhackett@gmail.com,/Un4GL|Bn
8926367e-7818-3062-a14a-94a8a76a25b9,Mr.,Garnett,Schamberger,"49A Friesen Road Apt. 054",Poblacion,Talisay,Camiguin,Philippines,693-710-709,"+63 (926) 008-3758","Schultz, Feest and Dare",http://www.sipes.info/asperiores-officiis-recusandae-sunt-doloremque-ut-voluptas.html,"Air Crew Member",gray,2008-11-05,declan.sanford@yahoo.com,h)[ud0N}g*My
408a2706-9be7-3b93-957a-2a6f20c05655,Dr.,Reba,Berge,"29A/42 Macejkovic Streets",Poblacion,Legazpi,Tawi-Tawi,Philippines,836-520-858,"+63 (999) 141-4378",Kuphal-Will,http://reichel.org/voluptates-explicabo-omnis-consectetur-dolorem-ipsa-ut-tempore.html,"Diagnostic Medical Sonographer",blue,1982-02-22,orpha69@gmail.com,hjm~S:{kW
3f5e1dcd-10a5-35a4-9dce-f7135dd091ae,Prof.,Eino,Schuster,"87 Jacobi Cove Suite 692",Poblacion,Oroquieta,Romblon,Philippines,542-713-633,"(0900) 968-2794","Adams, Frami and Champlin",http://www.schmeler.com/,"Special Education Teacher",fuchsia,1989-08-27,whartmann@osinski.info,{'Pbid$5~OG
5832adce-1e5a-3c22-9c20-7d76e38fd699,Prof.,Julia,Wuckert,"50 Wolf Glen",Poblacion,Tagum,Guimaras,Philippines,268-744-315,"+63 (939) 023-3604",Kuhic-Windler,https://oberbrunner.com/culpa-ducimus-ipsam-ut-dolorum-consectetur.html,"Screen Printing Machine Operator",blue,2009-01-14,clyde.beahan@gmail.com,m>]J?&6'jS$
d9cc01c5-bb9d-3e35-86a7-c19434368c0d,Ms.,Laura,Feeney,"22 Miller Curve",Poblacion,Pasay,Albay,Philippines,008-876-990,"+63 (928) 566-1678","Price Group",http://hessel.com/quam-quia-aspernatur-quia-laboriosam-cum-sit-reprehenderit.html,"Precision Etcher and Engraver",maroon,1986-04-09,michelle99@mann.net,h@<pFr(uy]
53de89b3-4256-3522-aa97-e23d7a7a9337,Mr.,Alicia,Ward,"53A/89 Krajcik Terrace",Poblacion,Sagay,"Zamboanga del Norte",Philippines,584-859-943,"+63 (940) 310-0193","Pfeffer, Gislason and Prosacco",http://www.rodriguez.com/tempore-cumque-autem-cum-optio-ut-commodi.html,Brazer,olive,1981-06-22,vidal.mraz@gmail.com,"_<P00q,EQ~(dK8mtEV3"
c2e50900-431a-3f9e-bc5a-9886af6cc5e2,Miss,Fay,Koch,"90/71 Olson Terrace Apt. 537",Poblacion,Butuan,"Agusan del Norte",Philippines,896-705-913,"(0925) 139-6143","O'Conner and Sons",http://conn.net/occaecati-animi-veniam-et-recusandae-necessitatibus.html,"Project Manager",blue,2005-10-11,jquitzon@hegmann.info,uuZg&P:!$b~v_ijdS
2663d26b-2f1c-3be8-90a7-02222a101c88,Miss,Aileen,Corkery,"12A/61 Gottlieb Union",Poblacion,Tandag,"Misamis Oriental",Philippines,434-961-793,"+63 (944) 752-9712","Stanton Group",http://collier.biz/,Taper,green,1991-10-01,deckow.shanon@boehm.biz,QBuWOGt#WmFk2hpf
f75e18f5-e343-34bc-9988-33b28fa13f2d,Prof.,Letha,Bosco,"71A/03 Dach Views",Poblacion,Malaybalay,"Davao Oriental",Philippines,240-640-652,"(0989) 602-2850",Von-Dickens,http://larkin.com/rerum-incidunt-animi-expedita-et-velit,"Food Batchmaker",teal,1994-07-29,yprice@luettgen.com,[FYNB!u<xk
c14df5b3-80cc-3985-85ba-e5f070a33d5b,Ms.,Mallory,Auer,"92A/31 Pollich Freeway",Poblacion,Imus,Bulacan,Philippines,750-662-449,"(0943) 301-5212","Koepp, Casper and Mosciski",http://nikolaus.org/,"Manager of Air Crew",purple,2007-03-02,zemlak.kaela@macejkovic.net,*bo7fE
afffa57b-6b84-30b2-8add-b9a9d8013feb,Mr.,Roscoe,Veum,"43A/78 Grant Fall",Poblacion,Muntinlupa,"Eastern Samar",Philippines,379-069-640,"(0923) 370-8856","Wiza and Sons",http://russel.org/officia-sed-asperiores-in-molestiae-et-distinctio-commodi,"Tree Trimmer",black,1978-12-03,julien.hand@hotmail.com,IyTX&e$P_1
dceabacd-bb7f-322a-b826-1db984467956,Miss,Juanita,Jaskolski,"89 Koch Keys",Poblacion,Koronadal,"Zamboanga del Norte",Philippines,596-117-722,"+63 (911) 328-1694","Ritchie Inc",http://www.hagenes.info/architecto-ea-sit-praesentium-sit-sunt-eos-quia-beatae.html,"Automotive Body Repairer",navy,1982-02-14,arely.prohaska@gmail.com,"[)b^B<""rwV1h#kYsY3P"
54bae11a-2573-343c-ad6f-eb7f6537fc52,Miss,Stanley,Baumbach,"35 Koss Forge Suite 233",Poblacion,"Trece Martires","Southern Leyte",Philippines,540-644-233,"+63 (900) 962-8483","Legros, Schoen and Satterfield",http://www.sauer.com/dolorem-temporibus-earum-aut-non-molestiae-enim.html,Cashier,blue,2008-06-04,yfranecki@collins.com,|Ps>gu_6L#
70e26b3f-a3aa-34d8-8f63-97a131622d0d,Prof.,Robyn,Herzog,"49/67 Thiel Plaza Suite 582",Poblacion,Bais,Siquijor,Philippines,961-790-743,"+63 (817) 410-6658","Williamson, Kulas and Keebler",http://www.oconnell.biz/voluptatem-velit-rerum-qui,"Precision Etcher and Engraver",black,2022-11-24,rashad78@gmail.com,".|(16y""o_?(Q~"
b88aaac7-8565-3ad3-b59f-44c86b421648,Mr.,Kendra,Kautzer,"76 Rogahn Point",Poblacion,Tayabas,"Camarines Sur",Philippines,793-386-662,"+63 (935) 037-4160",Bartoletti-Block,http://stiedemann.net/,"Supervisor of Customer Service",yellow,2005-12-05,feeney.arvilla@hotmail.com,"88wK-qAy)#5c.-\?Tn"
aa04221e-087b-303c-a1ab-9c48c827226a,Dr.,Tod,Nikolaus,"23A/26 Fisher Islands Suite 979",Poblacion,Tangub,Pangasinan,Philippines,262-761-670,"(0912) 270-9438",Muller-Koelpin,http://www.beer.com/occaecati-et-aut-aliquam-molestiae-iste.html,"Computer Science Teacher",teal,2023-08-20,vkohler@lueilwitz.com,1O(zyk*TnN-i_Z
e594d5ba-5669-3c7f-accd-85afe4d42cc0,Mr.,Kobe,Rosenbaum,"61 Baumbach Bypass Suite 531",Poblacion,Gingoog,"Zamboanga del Norte",Philippines,461-618-744,"+63 (971) 257-7534",Bartoletti-Hartmann,http://bayer.net/commodi-voluptatem-velit-nemo-facere-ut-sunt.html,Photoengraver,aqua,2004-12-11,ron28@yost.com,"P>i[:x:,ZvfH(@=u"
5b67d158-2732-3d0b-af3b-dfffda5e69e1,Miss,Meredith,Armstrong,"49A McCullough Avenue",Poblacion,Mabalacat,"Occidental Mindoro",Philippines,458-915-243,"+63 (908) 572-4447","Farrell, Mayert and Maggio",http://spinka.biz/et-officia-quisquam-qui-et,"Political Science Teacher",yellow,1995-04-04,nbaumbach@yahoo.com,">&pd""fEJlvICG"
77a4079d-b9de-3d59-8274-67b3dc7a839a,Miss,Claudie,Blanda,"61A/28 Funk Turnpike Apt. 724",Poblacion,Sagay,"Sultan Kudarat",Philippines,924-910-717,"(0931) 043-6229",Nicolas-Halvorson,http://www.jast.info/corporis-velit-ea-alias-corporis,"New Accounts Clerk",lime,1988-10-16,soledad.bergnaum@hotmail.com,xhrFUeNUAD80
347e61b9-6fe4-3ef7-947a-2555d2eca8a3,Prof.,Tyree,Runolfsdottir,"13/99 O'Connell Knoll Suite 418",Poblacion,Ozamiz,"Camarines Sur",Philippines,389-181-620,"+63 (911) 025-4553","Bernier Inc",https://denesik.net/nihil-sit-dicta-repellendus-ducimus.html,"Food Science Technician",olive,2022-06-07,okeefe.boyd@weissnat.com,wMuT_DljI0&(a&9e
49c0be88-7362-37e5-84c6-75838d763467,Dr.,Edna,Kutch,"71A/76 Schroeder Drive",Poblacion,Kidapawan,Tawi-Tawi,Philippines,903-309-057,"+63 (947) 469-6394","Parisian, Schuster and Haley",http://www.wilkinson.com/modi-soluta-animi-ullam-nulla-et-sequi-fugit,"Precision Dyer",fuchsia,1997-12-11,fiona.schmitt@gmail.com,Y/-DL;e%0
4df1a5b5-1f28-3c27-8f13-40daf7f7cbf5,Dr.,Xavier,Windler,"43A Hayes Summit",Poblacion,Lipa,Bulacan,Philippines,199-357-341,"+63 (937) 412-6341","Jones Inc",http://www.grant.com/quo-quia-blanditiis-error-asperiores-voluptatum,"Plastic Molding Machine Operator",green,1981-01-19,bvon@hotmail.com,#))*{IAt
d61b705e-3a0a-35de-94f2-3cf2cb7c8737,Miss,Jaleel,Daugherty,"65/33 D'Amore Throughway",Poblacion,"San Jose",Zambales,Philippines,154-491-305,"(0946) 327-6781","Schmeler LLC",http://www.carroll.net/facilis-minus-pariatur-facilis-laboriosam-aut-sed-sequi.html,"Sports Book Writer",white,1987-09-28,alexander.wiza@cormier.com,hx~>e/[Kx<6
19e249ac-4556-3ea7-baf0-815c0a373892,Miss,Alexanne,Braun,"11/50 Cremin Fork",Poblacion,"Iloilo City",Palawan,Philippines,856-515-186,"+63 (999) 463-7242","Hirthe, O'Conner and Hartmann",http://www.ullrich.com/ullam-ut-qui-temporibus-architecto-aspernatur-ut-quos,"Social and Human Service Assistant",olive,1987-02-08,nash32@hotmail.com,7:~pTf
b9a8d8b7-cbe2-3aa8-a4a1-85612ff9bed7,Ms.,Newton,Terry,"43A Block Center Suite 925",Poblacion,"San Carlos","Negros Oriental",Philippines,000-246-665,"+63 (937) 958-7953",Wolff-Wisozk,https://www.carter.biz/molestiae-iste-a-possimus-rerum-aut-fugit-explicabo,"Battery Repairer",teal,2022-12-05,jaskolski.marcelle@waelchi.com,}3r0^.6Qr
2d819532-5a4b-334a-b8f0-4ccf6b84a7ec,Mrs.,Kyla,Bode,"74/71 Mayer Prairie Apt. 570",Poblacion,Baybay,Maguindanao,Philippines,273-291-176,"(0980) 105-6478",Schuster-Maggio,http://www.hayes.com/facere-harum-officiis-ut,"Automatic Teller Machine Servicer",fuchsia,2004-06-28,margarete58@gutkowski.net,"|~wF?G;Rid/E""5M=:#7}"
a695a633-ca52-3a71-9d75-aee47ddf8e96,Ms.,Velma,Lesch,"76A/46 Dicki Crossing Apt. 752",Poblacion,Toledo,Abra,Philippines,139-530-817,"+63 (905) 312-5082","Yundt Inc",http://metz.net/,"Air Crew Member",gray,1996-10-31,shields.jarrod@connelly.info,'>9I52Vf:a7otAxooX&
f9d1179e-7ed0-3938-80c5-2859651a1930,Ms.,Ken,Mills,"90A/56 Lind Points Suite 810",Poblacion,Canlaon,"Northern Samar",Philippines,689-632-646,"+63 (932) 639-9040","Turcotte, Kris and Dickinson",http://green.net/esse-amet-dolor-pariatur-magni-numquam-dignissimos-sed-reiciendis.html,"Letterpress Setters Operator",maroon,1976-11-21,dana99@zemlak.biz,?/$L<v0vOVjhFK
2bf0aab2-5c0a-3436-8527-f8b878c25192,Prof.,Ruthe,Dibbert,"23 Powlowski Island Suite 392",Poblacion,Caloocan,"Compostela Valley",Philippines,298-074-755,"+63 (923) 694-1885",Mayer-Hartmann,https://jones.org/qui-tenetur-necessitatibus-rem-tempora-iusto.html,"Precision Printing Worker",navy,1984-04-08,tomasa58@gmail.com,"0]^&5jVh#f9F,lKc"
aed3add6-3d6b-39c4-92e0-09b4606f0a07,Dr.,Maybell,D'Amore,"58 Wintheiser Mill",Poblacion,Borongan,Rizal,Philippines,874-423-341,"(0908) 783-2182","Crona PLC",http://www.hackett.com/,"Hunter and Trapper",yellow,2003-08-22,drew49@gmail.com,"P""*8ISx)#>ChL"
358fceee-60c1-3eff-8a75-fe50a7bc6f59,Mrs.,Norval,Mayert,"50A/05 Lemke Meadow Suite 953",Poblacion,Dagupan,Abra,Philippines,828-927-613,"(0942) 994-2869","Kuhic, Satterfield and Rau",https://hammes.org/nihil-consectetur-aliquid-nobis-quasi-consequatur.html,"Watch Repairer",purple,1979-06-20,ettie.legros@yahoo.com,d-;HP6
76118e3a-839a-3cd0-84db-ab627b043e24,Ms.,Reva,Bergstrom,"05A/22 Stokes Mall Apt. 465",Poblacion,Isabela,Palawan,Philippines,137-119-907,"+63 (937) 627-3418",Labadie-Mayer,http://www.donnelly.info/sit-assumenda-enim-at-qui-maiores-corrupti-id,"Sawing Machine Operator",gray,2013-01-24,larson.abigale@gmail.com,">vC+,QF"
8c4d3dbe-9795-382f-b2fa-c7c4d0ac998e,Dr.,Cordelia,Armstrong,"69A Hand Key",Poblacion,Mabalacat,"Agusan del Norte",Philippines,367-640-125,"(0909) 729-4032","Roob Group",http://hyatt.com/itaque-molestiae-alias-voluptate.html,"Deburring Machine Operator",white,2014-06-05,murazik.tamia@yahoo.com,"P|gP}8L<""Ux""?<,I^,"
9695d963-ab78-3a76-ac76-efbfcda54df2,Prof.,Otho,Hyatt,"49/41 Howe Canyon",Poblacion,"Sorsogon City","Southern Leyte",Philippines,472-581-059,"+63 (906) 177-6993","Bartoletti, Kuvalis and Hudson",https://www.dickinson.com/reiciendis-iste-facere-repellendus-atque-qui,"Metal Fabricator",teal,1979-12-08,zsenger@hotmail.com,q7iG+%B(?dIB
d8a41faa-8fe9-3501-9a38-f48b38de11f1,Mr.,Braulio,Kirlin,"41 Bahringer Fall",Poblacion,Pagadian,"Nueva Vizcaya",Philippines,554-822-206,"+63 (813) 201-8338","Block, Turner and Jenkins",http://www.bechtelar.com/soluta-ullam-voluptates-quia-esse,"Welfare Eligibility Clerk",aqua,2012-09-10,alek.greenfelder@franecki.org,7GWHL:ND4Z
5468dde6-0d42-3e70-8c1a-dede8e6ad36f,Mrs.,Israel,Jacobi,"14/43 Hegmann River",Poblacion,Maasin,Pampanga,Philippines,707-739-939,"(0933) 200-6182","Wehner and Sons",http://howell.com/accusantium-architecto-veniam-natus-reiciendis-voluptatem-et.html,"Credit Checkers Clerk",blue,2012-07-17,rose90@hotmail.com,<d6|`W?=.`U0/7iQ
e05cf443-bf83-3675-bdb3-d00bcaccc62d,Prof.,Sarah,Feeney,"48A/14 Lubowitz View",Poblacion,Tandag,Samar,Philippines,799-815-104,"+63 (974) 526-8974","Collins and Sons",http://gerlach.com/consequatur-maxime-rerum-veritatis-fugiat,"Transportation Attendant",maroon,1982-12-06,reuben.auer@walsh.org,"4""bkx^=$Q`y""!"
8b2aeda2-93ba-3ae2-91e4-0992de154789,Prof.,Maximillia,Feil,"98/58 Ratke View Apt. 049",Poblacion,Danao,Albay,Philippines,322-937-943,"+63 (932) 690-3645","Koch, Tremblay and Jacobson",http://www.oreilly.org/odit-dolorem-omnis-reiciendis-qui-et-quae.html,"Information Systems Manager",silver,2023-08-14,whand@gmail.com,6:QSJId.NH%5F
46b107a0-e0b4-311c-ae06-9ff677359979,Mrs.,Roy,Rolfson,"61A/80 Schmeler Burgs",Poblacion,Sipalay,"Southern Leyte",Philippines,666-625-450,"(0942) 217-5876","Ankunding Ltd",http://mclaughlin.org/dolor-excepturi-in-rerum-non-itaque-molestiae,"Network Systems Analyst",maroon,2010-09-24,kuhlman.jamie@rodriguez.biz,)AF%cBr`{
90b93da6-d667-3f68-ab2c-c3bf15717da1,Prof.,King,Runolfsson,"90A Tromp Way Suite 393",Poblacion,Sagay,"Dinagat Islands",Philippines,980-306-400,"+63 (974) 337-9904","Konopelski, Upton and Kreiger",http://www.muller.com/et-qui-consequatur-dolores-non-vitae-ipsum,Decorator,aqua,2002-03-24,kpfannerstill@welch.com,"""S>o/og$m6gc"
ce967407-b8d0-38df-ad76-6026fa56b948,Ms.,Kyle,Lubowitz,"36A/35 Welch Stravenue",Poblacion,Escalante,"Camarines Sur",Philippines,448-627-295,"(0946) 108-4198","Hackett Ltd",http://www.kuhlman.org/,"Engineering Technician",lime,1978-09-30,keeling.henri@schaden.biz,R6|CR2LiJCWlH)8_)
2d9684a3-9ab8-3166-a540-d4bea712a032,Ms.,Riley,Gutmann,"26 Christiansen Villages",Poblacion,"Sorsogon City",Sorsogon,Philippines,680-351-184,"(0922) 530-1879",Sporer-Turner,http://labadie.com/dolorem-autem-dolores-et-sed,"Refinery Operator",teal,2000-08-27,wilton13@yahoo.com,aT#*8P%}
4507bcf0-3680-32a2-98b7-262da5b91adb,Ms.,Suzanne,Predovic,"28 Cummings Vista",Poblacion,Bacoor,"Nueva Ecija",Philippines,932-026-720,"(0977) 737-6448","Schoen Inc",http://okon.com/nam-ipsam-ut-non-ratione-soluta-ut-molestiae,"Laundry OR Dry-Cleaning Worker",gray,1975-10-03,drutherford@brakus.info,Yz)G6%nULk
405c3838-521c-30ce-9272-9d35e1b4730a,Mr.,Pearl,Abernathy,"86/15 Feeney Ferry Apt. 208",Poblacion,Sipalay,Capiz,Philippines,565-913-319,"+63 (949) 864-5144","Lueilwitz Group",https://www.schowalter.com/autem-aut-voluptatibus-sapiente-ex-similique-esse-autem-quis,"Electromechanical Equipment Assembler",purple,2001-09-10,miller.benny@gmail.com,"MBJ@}'LRZ,GW'"
22c61f07-ff75-3a71-a11e-47826cb9b51f,Mr.,Pansy,Beatty,"98A/44 Gleichner Valleys",Poblacion,Talisay,Capiz,Philippines,314-930-787,"+63 (925) 238-2045","Johnston Ltd",http://www.treutel.com/voluptas-dolorem-quibusdam-eveniet-eum-corporis-quo-accusamus-mollitia.html,"Computer-Controlled Machine Tool Operator",maroon,1984-07-12,hgutkowski@balistreri.com,"))0aTuiGR$D""U[(>"
05f69595-8d7c-3ccd-9d04-f04c262d1b4d,Mr.,Juston,Hegmann,"99 Murazik Vista",Poblacion,Marikina,Samar,Philippines,838-927-817,"+63 (944) 100-5219",Weber-Casper,http://www.grimes.biz/qui-necessitatibus-aliquid-dicta-velit-ipsum,"Office Machine Operator",purple,1995-10-24,satterfield.levi@yahoo.com,"b*\l|bF=+{&Q$->~(,"
ccdc6d21-cdc3-3849-b642-164ec8f13fda,Miss,Citlalli,Harber,"55 Bins Manors",Poblacion,"Cebu City",Apayao,Philippines,795-336-858,"+63 (942) 723-6739","Farrell, Labadie and Zboncak",http://koelpin.org/voluptas-dolores-quasi-nostrum-et-sit-iure,"Supervisor Fire Fighting Worker",lime,2005-04-19,senger.marta@yahoo.com,"2c1\3%OQ"
3bb9e11e-052d-3a85-be2a-0450d995e289,Miss,Alphonso,Satterfield,"44/99 Langworth Village Suite 544",Poblacion,Tanauan,Bohol,Philippines,257-179-986,"(0996) 556-7519","Schaefer, Bednar and Simonis",https://www.haag.com/commodi-vel-quia-est-dolore-deserunt-ut-earum-sed,"Set Designer",teal,1980-01-13,earlene98@hotmail.com,w5qZ~%?c1
ab9db22d-36ff-349f-8ade-c7b376cd8d47,Mr.,Kayley,Harber,"29A/08 Kozey Green",Poblacion,Victorias,"Davao del Sur",Philippines,985-777-500,"(0817) 726-5989","Denesik, Pagac and Douglas",https://spinka.net/consequatur-a-ad-illo-maiores-minus-et-tempore.html,"Marketing Manager",maroon,1970-11-13,obeahan@schuster.com,i}x!VH
19183eb4-fb0b-398c-a54b-fff1cf9fa507,Prof.,Hermina,Botsford,"96/83 Orn Summit",Poblacion,Naga,"Negros Occidental",Philippines,399-277-601,"+63 (928) 978-5106","Huel, Goodwin and Kiehn",http://www.ohara.org/rerum-ut-aut-rerum,"Heating Equipment Operator",aqua,2007-02-04,rosie.waelchi@hotmail.com,7dl#Nd40LU-Ti*oJ5
51383102-7f4e-3db5-af39-5af33cf30f5e,Miss,Toy,Crona,"64 O'Reilly Forges",Poblacion,"San Jose del Monte",Quezon,Philippines,651-756-098,"(0975) 977-5750","Rau Ltd",https://weissnat.com/vel-nesciunt-qui-voluptatem-rem-quibusdam-est-perspiciatis.html,"Office and Administrative Support Worker",yellow,1980-12-27,lreichert@hotmail.com,"kRrIoM7X6YoG(H^:,7tQ"
7f4cfbad-e379-3348-9500-886376516b25,Mrs.,Martina,Cronin,"69/32 Koepp Common Apt. 865",Poblacion,Urdaneta,Siquijor,Philippines,937-179-151,"(0929) 147-1121","Durgan, Brekke and Dach",http://botsford.com/consectetur-quas-quae-amet,"Materials Engineer",maroon,2007-04-24,wilford16@champlin.biz,)[RND*(as;:aw}k2
80398a4c-5ff4-349c-87b1-b4f6de855d77,Dr.,Mylene,Feeney,"40A Morissette Pines",Poblacion,"San Pablo",Tawi-Tawi,Philippines,396-781-460,"+63 (910) 937-4331",Zulauf-Waters,http://terry.com/officiis-maiores-iure-in-et-dolores,"Project Manager",teal,1996-12-01,luettgen.raphael@gmail.com,_gbJegD8Q
aba672ef-86ed-338a-ae07-3bc883254867,Prof.,Jeanne,Hyatt,"64/88 Howell Mall",Poblacion,Panabo,"Davao del Sur",Philippines,472-976-165,"+63 (900) 083-2644","Mohr, Feeney and Langosh",http://www.howell.com/,"Proofreaders and Copy Marker",gray,1981-10-27,aliya.schneider@yahoo.com,x6hGbe
12ccc36a-2c9a-3cb0-a3e1-21af88661c8a,Prof.,Kailey,Dickinson,"44A Littel Manors",Poblacion,Tagaytay,Bukidnon,Philippines,564-634-131,"(0979) 854-2562",Volkman-Waelchi,http://www.smith.org/,"Preschool Education Administrators",maroon,1971-01-15,prudence.mante@christiansen.com,q&TE=}^osN
d8372498-ac12-3a56-839a-013cde3b35b5,Mr.,Kian,Jacobs,"91A/32 Gutmann Fall Suite 560",Poblacion,"San Carlos",Rizal,Philippines,347-126-389,"+63 (994) 672-3099","Wiegand, Hammes and Beier",https://www.collins.com/exercitationem-quia-nostrum-eius-excepturi-aut-quibusdam-fugiat-molestiae,"Advertising Manager OR Promotions Manager",olive,2000-03-05,johnnie.hintz@walsh.com,"\?9X^]P}yR=|+g8"
6a3f96ed-b0de-354b-8732-b6560e6e281e,Mr.,Melyssa,Schneider,"82A/87 Jones Groves",Poblacion,Tagaytay,Romblon,Philippines,553-426-902,"+63 (994) 425-2448","Barrows LLC",http://www.cummings.com/id-asperiores-voluptatem-impedit-non-natus-fugiat-a-est,Trainer,purple,2012-07-17,vlittel@gmail.com,"x{5(,Kf;sTWY*f"
f81620e2-d2cd-347e-babe-d3eb3e2041f2,Dr.,Joey,Legros,"02A/27 Willms Harbor",Poblacion,Legazpi,Pampanga,Philippines,635-137-502,"+63 (946) 945-1533","Durgan PLC",http://www.emmerich.com/,Biologist,maroon,2024-03-10,ellie.hane@kilback.com,dU{!j)=
5dfa339a-26f8-3906-a684-918908218552,Miss,Reese,Yost,"56A/19 Waters Forest",Poblacion,Bogo,Romblon,Philippines,625-139-433,"(0977) 948-1894","McKenzie, Hyatt and Keebler",http://www.west.com/esse-dolores-minima-eaque-culpa,"User Experience Researcher",white,2021-11-26,may.mitchell@volkman.com,e%qmvAHI;lKCoBW
58aa0acc-81a3-343a-b3d5-34de381bceda,Mrs.,Delta,Waters,"38 Hoeger Squares",Poblacion,Laoag,"Camarines Norte",Philippines,065-341-790,"+63 (938) 691-5756","Hyatt LLC",http://www.marquardt.net/incidunt-tempore-sit-maiores-blanditiis-dolore,"Benefits Specialist",blue,1990-10-01,bahringer.terry@yahoo.com,{2FIOTW
c49a0d6a-9f04-3f64-9cb9-22a4cddc9ee2,Mr.,Addison,Mann,"67A/98 Klein Station Apt. 336",Poblacion,Canlaon,Marinduque,Philippines,758-827-023,"+63 (915) 464-5435","Towne, Hodkiewicz and Lowe",http://little.org/harum-tenetur-saepe-nobis,"Geological Data Technician",teal,2011-08-26,jaylan69@hotmail.com,Msds:0nkDvEr
ea70cab9-c0bb-3362-9e2b-1f1fcb36a245,Miss,Philip,Rohan,"46A Klocko Union",Poblacion,Ormoc,"Surigao del Norte",Philippines,901-217-174,"+63 (949) 992-8302","Altenwerth LLC",http://batz.com/illum-et-optio-eos-doloremque.html,"Talent Director",fuchsia,2015-03-27,fkutch@yahoo.com,'e%-?2c
a9e999f8-c026-3e80-8650-01053a5e52cd,Mr.,Herbert,Quitzon,"57A/64 Boyer Loaf",Poblacion,"Puerto Princesa","Surigao del Sur",Philippines,554-605-802,"+63 (925) 798-6790","O'Keefe PLC",https://flatley.info/nulla-vitae-tempore-earum-at-eum.html,Typesetter,teal,1999-04-01,beer.buford@toy.com,"/@""u&u^3"
9663fcd3-a8d8-3ba6-a37e-59b9fa5cbc70,Prof.,Giovanna,Hilpert,"75/15 Orn Stravenue",Poblacion,Canlaon,Pangasinan,Philippines,676-317-210,"+63 (944) 835-4076","Ondricka and Sons",http://witting.com/,Archivist,olive,1989-10-12,donnelly.hermina@runolfsson.biz,"8ra&.DtT\*PLjupLk&"
24b5d7c7-2e52-3622-870e-ff9097277fbf,Prof.,Willard,Miller,"43 Grant Wells",Poblacion,Muntinlupa,Capiz,Philippines,779-070-317,"(0977) 937-9998","Flatley, Monahan and O'Hara",http://feest.org/necessitatibus-similique-et-sit-voluptatem-error-id-aspernatur,"Poet OR Lyricist",silver,1970-10-18,rjacobs@hotmail.com,->=v(Hf~GO_{C-3G/
2fc4da36-e49a-3d43-8519-aa30afefa3f9,Mrs.,Clemens,Ward,"81/99 Marks Springs",Poblacion,"San Carlos","Misamis Oriental",Philippines,980-554-318,"+63 (928) 710-8562","Zboncak, Miller and Lindgren",http://www.altenwerth.net/qui-sunt-voluptatem-eos-sed,"Paper Goods Machine Operator",gray,1983-04-23,granville.leuschke@eichmann.com,0HN.=4=MgmBYEiFq
bdae8a88-d1ed-3034-a350-89791b49e354,Ms.,Melyna,Hintz,"31/65 Sipes Square Apt. 411",Poblacion,Bayugan,Guimaras,Philippines,034-171-325,"+63 (935) 170-3036",Bahringer-Ebert,http://www.gutkowski.com/ea-iure-dolorum-qui-delectus-tempora-et.html,"Plating Machine Operator",maroon,2010-08-18,vprosacco@bartell.org,"tB_coRW[fb7""2JEv1:Bb"
b89f92be-43af-30ae-82de-e2c5b5817299,Dr.,Colin,Langworth,"66 Bradtke Mills",Poblacion,Escalante,Quezon,Philippines,638-663-731,"+63 (918) 990-2998","Skiles Group",https://kiehn.com/ut-aut-necessitatibus-eum-porro-accusantium.html,"Stone Cutter",fuchsia,1998-02-23,dale.mante@kemmer.biz,{DCN8RF#
a6831d6f-26ee-355c-9c4b-831dec862824,Mr.,Fletcher,Kunde,"96A Marquardt Stravenue",Poblacion,Batac,"Occidental Mindoro",Philippines,493-378-757,"+63 (935) 962-9417","Zemlak LLC",http://www.stracke.com/,"Gas Appliance Repairer",black,2007-04-16,strosin.arvid@yahoo.com,L-gM)B1[V@x_za;
4cda1be2-312b-310e-89d7-5443bd8377f6,Prof.,Freddy,Johns,"94/65 Nicolas Rest Suite 113",Poblacion,Calapan,Bukidnon,Philippines,730-544-093,"(0940) 047-1436","O'Connell PLC",http://www.funk.com/quia-ut-accusantium-sed-laborum-saepe.html,"Travel Clerk",fuchsia,2001-10-26,candelario.kreiger@gmail.com,}~a!{>c~4rKcB
eaaaa5ad-44fe-3d44-a381-233d4a227276,Prof.,Stephanie,Stehr,"84A/51 Brown Throughway Apt. 148",Poblacion,Dasmariñas,"Ilocos Sur",Philippines,607-216-733,"(0980) 801-1140","Cartwright, Boyle and Hegmann",http://www.bauch.com/est-consectetur-tenetur-nihil-facere-praesentium-et,Captain,teal,2013-01-24,sanford.brady@hotmail.com,)NB_e(70
49a62085-dba6-357d-b16f-4ef6c101d015,Dr.,Kurt,Reilly,"84A/78 Gleichner Shoals",Poblacion,Cabadbaran,Laguna,Philippines,843-235-939,"+63 (943) 490-0289",Klocko-Welch,http://www.bergnaum.com/illo-cum-veritatis-quo-dolore.html,"Radio and Television Announcer",white,1988-12-05,bmayer@gmail.com,=3AAL5.<{
b815fcd8-ff0b-3c7a-bb27-ad9afc4aac58,Mr.,Salvatore,Gutmann,"26/89 Hauck Glens",Poblacion,Manila,Maguindanao,Philippines,332-060-013,"+63 (974) 262-3296",Schaden-Kihn,http://gutmann.com/asperiores-in-odit-explicabo-fuga-eos-qui,"Fashion Designer",maroon,1988-07-18,dstark@gmail.com,btc{yq#F_
13586b50-8cee-3f17-b298-ec80976cfc66,Prof.,Rowan,Erdman,"55A/51 Heathcote Green Suite 954",Poblacion,Lucena,Abra,Philippines,886-583-479,"(0947) 210-4939","Walker and Sons",http://koelpin.com/deserunt-mollitia-voluptatem-suscipit-eius-vero,Baker,green,2013-11-03,cleta.gaylord@schaefer.com,}yG/nNXr@
767e6728-21fc-33fe-b8a3-ad21652d4a6e,Prof.,Ozella,Maggio,"56A Bechtelar Motorway Suite 592",Poblacion,Calamba,Sorsogon,Philippines,077-712-638,"(0934) 721-4347","Kessler Inc",https://schulist.net/maiores-labore-quaerat-magnam-exercitationem-nulla-esse.html,Actor,maroon,2013-11-28,caleigh82@lockman.info,by[d.%10U?B:QNH
62a1bce2-709a-3f0d-ab91-6087009228a3,Dr.,Dustin,Lakin,"20A Dicki Roads Apt. 096",Poblacion,"San Fernando","Lanao del Sur",Philippines,916-971-012,"(0948) 166-4085","Schumm, Doyle and Dickens",http://www.hammes.biz/delectus-ut-qui-rerum-tempora-ducimus-nobis,"Fiber Product Cutting Machine Operator",white,2005-05-22,agrant@hotmail.com,:F+E&IU1UZ&
35b9e637-7646-3563-88cf-4fd0003940a5,Prof.,Joan,Goodwin,"96/35 Moen Fort",Poblacion,Imus,"Lanao del Norte",Philippines,075-332-911,"(0973) 792-0895",Jerde-Orn,http://www.zboncak.com/autem-voluptatem-omnis-magni-et-veniam,"Administrative Support Supervisors",blue,1986-12-02,cormier.cydney@yahoo.com,YUn>AGk$.*Uig[s]j]T
fa67d8c1-9981-352e-9e6d-de366ca323c5,Prof.,Julian,Jakubowski,"16/23 Denesik Station Suite 767",Poblacion,"Tarlac City",Kalinga,Philippines,604-201-042,"(0977) 083-2274","Maggio, Weber and Sauer",http://nolan.com/unde-praesentium-labore-aliquid-accusamus-sint-in-et.html,"Job Printer",maroon,2010-10-30,marty08@friesen.org,"`#edCN+>e1r'Op\"
48116b8e-974e-3b24-8c0c-2aec017b1793,Dr.,Wanda,Lynch,"59A Rau Circle",Poblacion,Talisay,Abra,Philippines,792-302-076,"(0971) 685-0289","Jast LLC",http://www.feil.com/,"Electrical Drafter",green,2019-04-15,khoeger@gmail.com,&-Ei5Ka0
35123b91-5802-38e3-94b3-63ad9cacf35a,Mr.,Lexie,Rutherford,"14A Stark Centers",Poblacion,Guihulngan,Marinduque,Philippines,917-995-712,"+63 (973) 179-1334","Stokes Ltd",http://halvorson.com/sapiente-eveniet-reiciendis-ipsum.html,"Special Force",teal,1996-10-12,xreilly@yahoo.com,wz$H3I1o`}
b19f04f4-cd7f-3f25-b009-16ef025f8279,Ms.,Emely,Lindgren,"73 Ratke Square Apt. 266",Poblacion,"San Carlos",Batangas,Philippines,458-412-886,"+63 (996) 670-6371","Ankunding PLC",http://www.wilderman.com/vel-sapiente-laboriosam-molestias-enim-quae-harum,"Special Force",green,1981-12-06,luisa55@haley.com,"B*I!w0k{1""{n{kfv=m_"
5c391cb4-e92f-33c6-aecc-57fad9571add,Mr.,Hailee,Abbott,"26 Hoppe Field Suite 896",Poblacion,Mabalacat,"Oriental Mindoro",Philippines,335-870-592,"(0931) 926-4680","Pacocha Group",http://konopelski.com/quis-deleniti-aperiam-molestiae,"Gas Pumping Station Operator",black,2016-12-02,rrunte@hotmail.com,"GhI~[k,URZ\68-'o|"
b814f849-1882-3372-9220-fbdfdc447167,Ms.,Roosevelt,Schaefer,"15A Hudson Path",Poblacion,Maasin,Batangas,Philippines,958-656-492,"+63 (948) 167-9230","Rath LLC",http://swaniawski.com/,"Drilling and Boring Machine Tool Setter",white,1981-05-16,blanda.derrick@nolan.com,"ej_x,ALP:"
b941b5f9-79c6-3306-86a2-e5e627f81f78,Dr.,Florine,Stark,"73A/03 Fisher Prairie",Poblacion,Bayugan,Batangas,Philippines,360-551-409,"+63 (937) 320-3436","VonRueden LLC",https://www.oconner.com/dignissimos-sit-amet-voluptas,Stonemason,fuchsia,1995-10-27,jedediah11@schuppe.com,C}CT}W*Fb;Gr
a4f16243-7d9b-34e5-8bb9-7b1453ab421d,Prof.,Taurean,Balistreri,"12 DuBuque Cliffs",Poblacion,Dasmariñas,Samar,Philippines,137-942-808,"(0911) 160-2770",McClure-Hintz,http://www.heathcote.com/dolore-non-ullam-aut-illo.html,"Credit Checker",black,1978-04-16,wuckert.domenico@hauck.com,"`|u""KgyB3+G"
62ce832e-c5a4-3d1c-b68e-d420699a8f8e,Mrs.,Lilla,Stokes,"05A/88 Murray Estates",Poblacion,Bacolod,Bukidnon,Philippines,091-432-511,"+63 (813) 708-2960","Willms LLC",http://zemlak.biz/totam-et-explicabo-odio-iusto-tenetur,"Product Safety Engineer",purple,1995-12-06,wiza.lucienne@gmail.com,^=/G0]~]&cU/*
175a08b3-fe74-38d7-8a88-27b016e66e28,Dr.,Michaela,Robel,"26A/25 Harris Expressway",Poblacion,Ligao,"Davao del Norte",Philippines,791-587-175,"(0927) 801-1397","Thompson, Runte and Zulauf",http://www.torphy.net/eligendi-qui-non-dolor-debitis-et-voluptas,Sculptor,olive,1985-04-30,william94@kris.com,K_Nig[37PKWb#y:U
76132624-246b-311b-85f5-85c6cef0818d,Dr.,Kelly,Toy,"61 Greenfelder Walk",Poblacion,"San Fernando","Misamis Occidental",Philippines,108-505-569,"(0980) 833-3514","Sawayn, Feeney and Miller",http://mayer.com/excepturi-optio-dolorem-laborum-odio-odit-voluptatem-dicta.html,"Funeral Director",aqua,1976-03-30,feil.francesca@hotmail.com,'y({en2gz
96d55eb7-378c-3648-839a-06f4d841b9ac,Dr.,Nelle,Christiansen,"45A Metz Islands",Poblacion,Danao,Sulu,Philippines,903-425-180,"+63 (937) 360-0727",Upton-Krajcik,https://www.jones.com/doloremque-eligendi-eius-officiis-maiores-recusandae,"Wellhead Pumper",white,1995-07-10,heidi.friesen@bartoletti.com,jJc{JQB1p>?EY-.$3!.
600a5be5-c23f-33ed-a471-636fee1f5859,Prof.,Devin,Towne,"60A/78 Fisher Spring",Poblacion,"Zamboanga City",Cebu,Philippines,876-755-220,"(0905) 711-9646",Hoeger-O'Hara,http://douglas.net/,"Postal Clerk",aqua,1979-03-13,xweimann@gmail.com,"iaqCc\T;[)zq,H0"
4eab993c-5912-3bfe-a6f8-73f0920cdfcc,Miss,Emmy,Harber,"77A Jacobson Well Apt. 317",Poblacion,"San Carlos","Zamboanga del Sur",Philippines,280-861-845,"(0977) 442-4374","Kuhic, King and Willms",http://www.douglas.com/consequatur-occaecati-ex-reprehenderit-id,"GED Teacher",navy,1984-02-25,rhoppe@toy.biz,+<g}MH@I(E
a3541924-0421-39b8-bb0a-fa7ea0548042,Mr.,Herta,Ferry,"36A Ziemann Junction",Poblacion,Canlaon,"Misamis Oriental",Philippines,046-069-145,"(0922) 418-8775","Lehner, Nitzsche and Kuphal",https://www.macejkovic.com/expedita-hic-eum-cumque-suscipit-ipsum-placeat-quia,Platemaker,aqua,2018-07-25,esmeralda.schiller@lebsack.com,+1dmrv|7kBL69fM
c285e46f-4ece-32dc-9ac4-6448b9155272,Prof.,Kip,Wintheiser,"49A Batz River",Poblacion,Kidapawan,"South Cotabato",Philippines,547-501-630,"(0929) 048-0002",Davis-Lind,https://www.mckenzie.com/aperiam-expedita-dolores-quae-cupiditate-et-perferendis,"Radiation Therapist",lime,2002-01-21,crunte@rau.com,cb?Y>QY'n'=-rY^'|
84985e5b-6d72-38e1-a6da-42f60210c4c5,Dr.,Oran,Tremblay,"42/79 Wolf Centers Apt. 913",Poblacion,Gingoog,Batanes,Philippines,789-086-932,"(0947) 894-1841","Dare, Kunde and Christiansen",http://www.dare.com/itaque-maxime-consequatur-ea-maxime-id-saepe,Singer,black,1981-01-11,brenna13@yahoo.com,K[DH<o
b1cfe43d-19c4-35f9-9567-c2f6c0649ed6,Prof.,Sammie,Streich,"79 McClure Parkway Apt. 818",Poblacion,Cabadbaran,"Nueva Ecija",Philippines,445-031-119,"+63 (915) 419-9317","Connelly, Rath and Grant",http://frami.info/consequatur-iusto-architecto-vero-voluptas-rerum-dolores,"Recyclable Material Collector",green,1980-06-25,jace25@veum.com,"^apf#\2VXqsz"
6ae36be6-08f6-3d08-b133-7c6fda9a065d,Miss,Dandre,Kohler,"96/65 Reinger Village",Poblacion,Calbayog,"Negros Oriental",Philippines,706-329-875,"+63 (994) 108-1976","Paucek, Stokes and Stroman",http://toy.com/qui-omnis-nostrum-ipsa-hic-deserunt-quia,Engineer,gray,1980-03-03,imertz@gmail.com,"nK7[""RR"
4e516df3-4460-3537-a620-4483d3f375ae,Mr.,Kiera,Bailey,"68A/96 O'Keefe Plaza Apt. 559",Poblacion,Calapan,"Lanao del Sur",Philippines,975-186-638,"(0921) 371-4692","Dicki PLC",http://www.okeefe.com/sint-aperiam-omnis-quibusdam-ab-est-aut.html,"Biochemist or Biophysicist",silver,1991-05-27,nolan.dale@hotmail.com,ytf6l*Xa<BEGc'Ymz8.7
15f9c53e-45c2-3e44-b800-ee6075017713,Ms.,Percy,Bernier,"66 Bode Brooks",Poblacion,Cauayan,Batanes,Philippines,105-482-915,"(0933) 848-7117","Harris, Mosciski and Thiel",http://lakin.com/blanditiis-non-blanditiis-qui-ipsa.html,"Automotive Technician",olive,2014-04-14,hprohaska@hegmann.com,MJ?uN<&vzn)j
7381f8f5-b12b-33e1-be80-55fdbb9d6815,Mrs.,Kathlyn,Block,"45/91 Reilly Trafficway Suite 039",Poblacion,"Las Piñas","Ilocos Sur",Philippines,140-049-165,"+63 (975) 758-4603","Heller Inc",http://www.prohaska.com/et-dolor-architecto-eos-sed-sunt,"Construction Laborer",black,1982-03-22,ywyman@hotmail.com,"<T}rlm(Ntg0AnH-5""/O"
ed86725d-2385-3a0d-8b49-61dc07a8ef35,Miss,Julia,Stamm,"78/19 Hintz Shores",Poblacion,Bais,"Zamboanga del Sur",Philippines,454-670-400,"(0922) 692-6369","Pfannerstill PLC",http://www.watsica.com/enim-possimus-deserunt-et-dolor-ut,"Heavy Equipment Mechanic",gray,1995-09-26,elda21@hotmail.com,h?Sj~1Fe<cA_)
090c0969-2493-35e0-bd59-5eab35606751,Dr.,Lou,Gutmann,"16A/37 Beier Creek Suite 836",Poblacion,Himamaylan,Tarlac,Philippines,185-989-650,"+63 (947) 694-5593",Stokes-Considine,http://ward.com/,"School Bus Driver",fuchsia,2022-08-10,aisha77@hotmail.com,7Ez_YBibw*N3
655c80be-868e-38a6-b1ec-e89e48554a4e,Prof.,Gail,Mertz,"70A/73 Dooley Island",Poblacion,Batac,"Mountain Province",Philippines,690-337-386,"(0979) 448-6081","Veum, Gutkowski and Doyle",http://wisozk.net/,"Medical Sales Representative",lime,1982-07-20,lowell73@hotmail.com,">*.""njCSTn\w\YKG{Gb"
10c4945a-d450-3747-affa-96e994677ef0,Dr.,Jose,Crooks,"40 Prosacco Point Apt. 873",Poblacion,Valenzuela,"Compostela Valley",Philippines,134-233-559,"(0936) 273-8166","Haley Inc",http://raynor.com/eaque-non-excepturi-quae-ducimus-suscipit,"Real Estate Association Manager",olive,1991-10-08,eskiles@hotmail.com,[]uLO}lOe4X<
793ae0db-7aa1-358d-9fd9-f437e1f45f3f,Dr.,Zachariah,Fadel,"52A Boyer Mission",Poblacion,Bacoor,"Davao del Sur",Philippines,177-198-424,"+63 (931) 573-1627","Bashirian, Torp and Leuschke",http://www.wiegand.org/aut-iusto-quae-odio-accusamus-atque,CEO,yellow,2014-03-02,leila23@blick.biz,pV9WKwpuJvY
07bc314f-3124-322d-854a-b79aebdae094,Ms.,Kennith,Dooley,"48 Stark Streets Suite 705",Poblacion,"San Pablo",Quezon,Philippines,578-723-436,"+63 (998) 503-5994","Green Group",http://www.powlowski.com/accusantium-quis-quia-qui-asperiores-eveniet.html,"Commercial Diver",aqua,2015-11-15,zander79@krajcik.com,TMdo%xRl(C_^DbxQ%!n$
953bf2cf-5335-3064-b618-7eae7d00357e,Dr.,Zula,Graham,"24A Schiller Inlet Apt. 415",Poblacion,Bago,"Surigao del Sur",Philippines,570-003-924,"(0998) 064-4594","Kshlerin, Bayer and White",http://walsh.com/fugiat-occaecati-quae-voluptates-sit-voluptas.html,"Life Science Technician",teal,1980-01-06,fzboncak@yahoo.com,qIx=76O/9OY0/Lx</
7b9f1805-e783-37ea-beea-9b49242e55ca,Mrs.,Eugene,Harris,"00A Bahringer Valley Apt. 704",Poblacion,Tuguegarao,Samar,Philippines,515-784-070,"(0932) 180-9297","Simonis, Bruen and White",http://www.grady.com/a-magni-fuga-repellat-veritatis,Obstetrician,white,2017-11-14,humberto41@yahoo.com,GPlPrgauHMjVkwPF|)4I
8d90cf30-39e7-3369-97e4-e383a6ca9903,Prof.,Sheridan,Swift,"02A Casper Lodge Apt. 975",Poblacion,Cauayan,"Zamboanga Sibugay",Philippines,505-715-958,"(0906) 457-9325","Quitzon, Volkman and Runte",http://www.gusikowski.net/,"Computer Support Specialist",white,2004-03-18,elmo66@botsford.com,6SkD;N4Cy}.FQ3p@
2c2dd535-9116-3cd9-b0f6-d9bb6a02476b,Dr.,Ahmad,Walter,"90 Jacobs Pine Suite 837",Poblacion,"San Carlos",Quirino,Philippines,879-530-727,"+63 (925) 345-9971","Predovic, Carter and Dach",http://www.hagenes.com/quos-et-voluptatem-nisi-sunt-distinctio-ut.html,Chemist,white,2002-09-27,rita90@franecki.biz,<h5&)M
d45a68b7-5f62-3eb4-ae7e-cc75607c6900,Dr.,Nakia,Konopelski,"74 Smith Crossroad",Poblacion,"Las Piñas",Isabela,Philippines,104-896-738,"(0974) 309-5484","Mertz and Sons",http://www.fisher.biz/voluptatem-tenetur-excepturi-repellat-veritatis-cum,"Mold Maker",yellow,2020-02-21,marcelo26@wiegand.com,@z;6fmT*e1k4+m#75
9a81415c-f0eb-3ac8-aad6-0bbdfb53bde8,Dr.,Kamron,Weissnat,"65A/26 Hammes Isle",Poblacion,Bacolod,Pampanga,Philippines,505-200-726,"+63 (939) 114-8766","White, O'Connell and Trantow",http://schaden.com/eos-quod-ea-ipsa-perferendis-magnam-sit-beatae,"Packaging Machine Operator",fuchsia,1993-03-16,emmy33@veum.com,"8/,|eOv}eb"
6d2ecb29-f280-38e0-a9e4-8885d36be954,Mr.,Dallas,Greenfelder,"65/98 Swift Falls Suite 468",Poblacion,Taguig,"Davao del Norte",Philippines,268-768-759,"+63 (937) 616-7574",Boyle-Kuhic,http://www.kuhlman.net/,Recruiter,yellow,2014-12-01,qrunolfsdottir@hotmail.com,fTwaPRa+[Ud[
00c06734-a275-3403-80f9-ca99e27bcf9c,Dr.,Tyler,Cummerata,"83 Lindgren Shore Apt. 865",Poblacion,Imus,"Dinagat Islands",Philippines,188-918-267,"(0994) 008-3045",Lesch-Dare,http://www.schmitt.com/fugit-quisquam-aspernatur-ex-ut,"Orthotist OR Prosthetist",navy,1996-06-22,hans.treutel@hotmail.com,"};R.Y`Oz\Xr^If,e"
dc264aa7-f0c2-3eb4-a77c-0c83327a0595,Mr.,Marilyne,Mohr,"99A Douglas Road Apt. 997",Poblacion,Pagadian,Cebu,Philippines,507-104-340,"+63 (973) 530-2318","Murazik, Hickle and Brekke",http://www.friesen.org/corporis-sed-dolore-quisquam-minus-nihil,"Armored Assault Vehicle Crew Member",black,1987-09-09,nicolas.abel@bartell.com,"KjL<KtPo,UHTNh+>8"
6702b1e3-ea48-33f7-b936-29c6511c6e0c,Mr.,Scarlett,Mayert,"47 Gaylord Burg",Poblacion,"Surigao City","Mountain Province",Philippines,686-994-434,"+63 (944) 535-1912",Hoeger-Price,http://monahan.net/,"Marking Machine Operator",blue,2012-06-04,brakus.carmelo@hotmail.com,1J#buZ
f0a4d6c1-8f07-3d2b-94ae-ce3e9baccebd,Mrs.,Estel,Wiza,"13A Beier Village",Poblacion,Sipalay,Maguindanao,Philippines,713-349-185,"(0999) 225-2227","Dicki, Lowe and Parker",http://www.kunde.com/aliquid-ipsa-quaerat-consequatur-officia-aliquam,Orthodontist,aqua,2019-03-30,makayla60@hotmail.com,p<@*5H5
a5efac1d-09b4-3d78-9de5-e2eb80075563,Prof.,Erica,King,"48/80 Koch Roads",Poblacion,Tabaco,Ifugao,Philippines,420-559-789,"(0934) 278-6373","Balistreri, Kerluke and Ruecker",https://www.nienow.com/laborum-expedita-veniam-aut-tempora-quibusdam-incidunt,"Shipping and Receiving Clerk",blue,2015-08-10,jared.rau@gmail.com,~y-LeX13aw~yHQv}/
fd2cd68a-77b4-3801-ab1b-15b8867c2677,Ms.,Angelita,Hane,"11/91 Larkin Throughway",Poblacion,"Cotabato City","Misamis Occidental",Philippines,910-432-881,"(0905) 336-9243","Hermiston, Schultz and Frami",http://www.conroy.org/et-sed-illo-sunt-cumque-nihil-veritatis,Curator,olive,2012-01-24,evie55@gmail.com,Foydk8Pv;#L
0c66f9fd-d3cc-33e3-b1be-722662226931,Dr.,Nickolas,Okuneva,"35/81 Leuschke Well",Poblacion,Makati,Batanes,Philippines,359-253-801,"+63 (937) 810-6764","Dibbert Group",http://www.casper.com/ducimus-consequatur-eum-molestiae-dolore,"Automotive Mechanic",lime,2022-05-08,lou.kutch@schultz.biz,}:Yz!$~fKsjykx
7b78c78e-1268-3cdf-a778-74062bd06cfb,Prof.,Mauricio,Hahn,"87A Cartwright Canyon",Poblacion,Escalante,Basilan,Philippines,208-677-436,"(0997) 347-8562","Keebler, Schmitt and Bradtke",http://www.heidenreich.com/sapiente-aspernatur-qui-alias-voluptatem-nulla-in,"Materials Scientist",silver,1987-03-30,cydney.toy@bradtke.net,"=FY,)2""61ahxI:Nk;%9a"
538afb60-30a9-3928-8053-b6b11fcd5491,Mr.,Cooper,Schamberger,"91A/99 Friesen Hollow",Poblacion,"San Pablo",Zambales,Philippines,114-298-434,"(0919) 463-4414","Hodkiewicz Ltd",http://www.bogan.com/,"Signal Repairer OR Track Switch Repairer",blue,2018-08-17,smith.assunta@hotmail.com,q|5mkW%Q/UL|3AR|
15c53788-0bd6-3982-8a06-3136873b527a,Prof.,Gail,Stiedemann,"78 Moen Tunnel Apt. 383",Poblacion,Kidapawan,Sorsogon,Philippines,270-869-939,"(0933) 633-7624",Adams-Ryan,http://wyman.com/architecto-possimus-fuga-beatae-beatae,"Geological Sample Test Technician",gray,2019-05-04,mariela11@gmail.com,tQ1ayLJk@45y-
12904205-641d-3339-b63f-e1f15205e51d,Prof.,Deven,Hudson,"38A/80 Hintz Road",Poblacion,Tanjay,Batangas,Philippines,391-823-817,"+63 (918) 192-5762","Hudson PLC",https://www.wuckert.com/quis-quasi-mollitia-est,"HR Manager",aqua,1991-06-17,eankunding@yahoo.com,l1_}svy!SPV+_sg%>6
f94f2126-3eef-3f20-ada2-0579e03c990c,Mr.,Kory,Witting,"87 Pollich Knoll",Poblacion,Dapitan,"Ilocos Norte",Philippines,293-050-769,"+63 (908) 218-7348",Konopelski-Christiansen,http://hane.com/et-mollitia-non-sapiente-libero-minima-distinctio-inventore,"Clinical Psychologist",silver,1999-03-21,ervin.dubuque@yahoo.com,"-P\2=~.08jU+rEm"
07190e48-e253-322d-99b0-e519580ca885,Mrs.,Lilliana,Hickle,"49 Senger Skyway Suite 346",Poblacion,"San Fernando",Tarlac,Philippines,645-518-008,"+63 (919) 432-5921",Lang-Hilpert,http://satterfield.com/,"Photographic Restorer",white,1983-03-20,satterfield.yadira@oconner.com,"oYp{a{I\"qQ6HV"
748164d3-0402-3a34-b1ff-e3e213263fd0,Dr.,Adam,Swift,"57/48 Stracke Land Apt. 007",Poblacion,Roxas,Aklan,Philippines,700-118-268,"(0942) 980-1658","Yundt, Gulgowski and Hayes",http://www.legros.biz/iste-quia-culpa-maxime-ut-soluta,Maid,lime,2005-05-21,kheidenreich@yahoo.com,$;[o8TmW>)=4
cb6f2817-8692-3ea4-bd23-fe2e57c78cf1,Ms.,Khalid,Satterfield,"16/44 O'Connell Rapid Suite 297",Poblacion,"Santa Rosa",Cotabato,Philippines,477-955-051,"+63 (906) 871-0282","Daniel, McKenzie and Funk",http://www.wisoky.com/est-hic-possimus-ipsam-velit-est,Heaters,silver,2016-12-28,senger.narciso@gmail.com,!lj_Bvlm8s-
2d9e539b-c57b-3ad7-8798-587aa74a339e,Dr.,Ciara,White,"53 Hickle Via Apt. 923",Poblacion,Lapu-Lapu,Siquijor,Philippines,049-436-139,"+63 (921) 858-3360",Thompson-Weimann,http://www.runolfsdottir.com/illum-quo-ipsum-ut-corporis,"Park Naturalist",gray,1997-06-27,amiya.heathcote@yahoo.com,"T-.""4F:jou-0<`Mx"
8803f470-8cd3-3747-a613-ef1cdb61dea5,Dr.,Haylee,Bartell,"99/34 Botsford Wells",Poblacion,"El Salvador",Bulacan,Philippines,027-505-538,"+63 (932) 822-8612","Kuhic PLC",https://www.cartwright.com/voluptatem-totam-ex-vitae,"Rehabilitation Counselor",white,1997-03-26,ocremin@yahoo.com,9Dn<3<j.u
3d439ca7-e94d-3a6b-8058-8072b8a654a5,Dr.,Jamar,Bogan,"43/16 Keebler Burgs Suite 221",Poblacion,Pagadian,"Occidental Mindoro",Philippines,993-783-219,"+63 (909) 423-9045","Grant, Hagenes and Boyer",https://www.rempel.com/ut-fugit-aliquam-omnis-dignissimos-illo-ut,"Travel Guide",maroon,2010-01-07,zorn@yahoo.com,"\W!*Nsyq]n?)B45i3hx%"
448665e2-e753-3255-a6ec-f8f3e87f1c4e,Dr.,Alejandrin,Schimmel,"37/16 O'Conner Fall",Poblacion,Koronadal,Siquijor,Philippines,128-738-542,"(0908) 943-3759","Watsica, Ankunding and Nienow",http://www.hammes.info/iusto-non-ipsa-praesentium-sequi-rerum-minus,"Materials Scientist",white,1981-08-20,oren.strosin@wilderman.net,Pw{uY*&7
6f01c71f-4b41-3c5f-8708-0bfb41d9318a,Dr.,Oliver,Bernhard,"21A/14 Lehner Drive Suite 487",Poblacion,Butuan,Iloilo,Philippines,364-618-111,"+63 (910) 919-8108",Huels-Feeney,https://www.kertzmann.com/autem-expedita-voluptatem-ea-hic-consectetur-aut,"Financial Manager",blue,1999-03-14,rutherford.isabel@swaniawski.com,"1cHj!<5S,Rtp_.LwtD.L"
d871408e-9e90-303e-84a7-97878660acb0,Dr.,Urban,Tremblay,"69A/72 Bernhard Ville",Poblacion,Tanjay,Aklan,Philippines,719-474-200,"+63 (974) 364-5857","Ortiz, Wolff and Crist",http://www.goodwin.com/voluptas-sunt-a-qui-nisi-neque-perferendis-ratione,Rigger,purple,1985-05-02,psanford@funk.net,#/5J0El7:)7.M6#iO<D
8facfeff-72a8-3fd6-b63c-3627ecf19a85,Prof.,Harley,Prohaska,"69A Trantow Trafficway",Poblacion,Malaybalay,Ifugao,Philippines,100-316-534,"+63 (997) 025-9551","Kuhn Inc",http://www.jacobs.biz/quasi-molestiae-repudiandae-consectetur-quidem,"Forest Fire Fighting Supervisor",maroon,2006-09-07,geraldine.lakin@walker.net,"?>/{Re8Y_,['KMJ+[T"
b28ef20f-b093-3032-879d-cb92404c736a,Ms.,Arturo,Hand,"52A Dach Pass",Poblacion,Baybay,"Davao Oriental",Philippines,253-952-707,"(0919) 371-3846",Crooks-Fritsch,http://koepp.com/rerum-quia-doloremque-illum-optio-sunt,"Web Developer",green,1997-09-03,rosina.dibbert@collins.com,A:TZfUJB&
0eab1697-43c0-37b6-90fd-13e8efd8f257,Prof.,Mekhi,Moen,"77/42 Halvorson Falls Apt. 270",Poblacion,Ligao,"Davao del Norte",Philippines,065-832-145,"+63 (977) 405-9032","Kautzer, Hill and Cormier",http://www.jenkins.biz/,"General Practitioner",olive,2015-11-03,xwiegand@blanda.biz,(1_|^u$=kTo{92W%>EE
a25bbc19-aad9-374a-8941-e080fc2ca2d4,Prof.,Gunner,Emard,"13/82 Kling Parks Apt. 168",Poblacion,Cabadbaran,Bukidnon,Philippines,655-430-431,"(0922) 461-2101","Flatley, Heller and Waters",http://www.feil.com/vel-eum-harum-aspernatur-in-ut-consectetur,"Substance Abuse Social Worker",black,2022-07-27,alycia.morar@gmail.com,`wuW2lzs/KFTDpYgnH
4dc838f3-6f0f-30a4-868d-a9c23cbdb1e5,Dr.,Coty,Altenwerth,"61A/52 Keeling Station",Poblacion,Passi,Cotabato,Philippines,521-854-769,"+63 (971) 350-4717",Mosciski-Stanton,http://sanford.biz/quisquam-eveniet-hic-eligendi-vel-quos-et-consequuntur-autem,"Order Clerk",green,1997-06-10,tod09@hotmail.com,"Q+Le5c`UER^\{9~"
de25986e-6111-3fcb-bf2a-9b3816df171f,Prof.,Myrtie,Emmerich,"14 Carter Centers Apt. 900",Poblacion,Pasay,Quirino,Philippines,973-388-995,"+63 (905) 664-5136",Schamberger-Adams,http://pollich.com/,"Gas Plant Operator",gray,2024-09-03,caroline.emard@murazik.com,"gw>$.+'\+"
e8c9e83b-965f-3f69-b9ca-6dfc8a400eef,Miss,Elsa,Spinka,"94/87 Hudson Dale Suite 600",Poblacion,Dapitan,Guimaras,Philippines,935-388-562,"(0922) 326-6962","Ferry Ltd",http://sawayn.org/aspernatur-repellendus-explicabo-deserunt-ipsa-dolorem.html,"Architectural Drafter",lime,1984-06-08,casandra83@yahoo.com,j5Rq=+
93fde765-0e76-386c-9a42-872735f1de9a,Mr.,Cora,Armstrong,"38A/67 Harber Forge",Poblacion,Tagbilaran,"Occidental Mindoro",Philippines,650-957-486,"(0971) 662-9993","Rodriguez, West and Carroll",http://carter.net/consequatur-est-tenetur-eveniet-ut-natus-omnis-doloremque-quia.html,Typesetter,olive,2014-07-10,jakubowski.uriel@gmail.com,"n;{1,x*E4_9Zly,V<"""
5964d4cb-b9b5-307f-927a-d713727c346f,Dr.,Domenic,Fritsch,"51A Roberts Coves Apt. 374",Poblacion,Laoag,Sarangani,Philippines,796-222-943,"+63 (936) 839-9787","Maggio PLC",http://davis.com/cupiditate-deleniti-deleniti-ea-inventore-et-nesciunt-omnis.html,"Mine Cutting Machine Operator",green,1993-04-10,juliet92@gmail.com,6i3=oS
980025d3-7920-3ebc-a8ef-8591037cffd6,Mr.,Dewitt,Friesen,"38A/86 Hand Inlet Apt. 829",Poblacion,Gingoog,"Compostela Valley",Philippines,306-800-453,"+63 (907) 670-0249","Wyman, Stanton and DuBuque",http://hirthe.info/suscipit-quis-cumque-expedita-consectetur-fugiat-ut-ab.html,"Social Work Teacher",olive,2011-05-03,wlarkin@kessler.com,Cxp(fQ-05
38a049a8-bc77-3dd9-a70b-6bb1e08bd36e,Prof.,Shanelle,Goldner,"60/48 Gislason Extension Suite 197",Poblacion,Lamitan,Cagayan,Philippines,725-735-748,"+63 (935) 491-1057",Bechtelar-Legros,http://www.connelly.com/ratione-suscipit-est-unde-cupiditate-perspiciatis.html,"Civil Drafter",olive,2024-02-14,lesley.von@herman.net,pxM;(b?>2Q
bb43e9a3-3472-34a5-a5c7-ab5469535675,Mrs.,Chet,Schulist,"50 Schimmel Plaza",Poblacion,Tanauan,"Compostela Valley",Philippines,644-369-032,"+63 (919) 021-6994",Leuschke-McLaughlin,http://green.com/corrupti-odio-dolor-quam,Cashier,olive,2019-08-14,cadams@lueilwitz.com,$|H^=A
8f1a527c-f4fa-3c96-bee7-dffb2356c849,Prof.,Aurelia,Orn,"91 King Pines Suite 296",Poblacion,Balanga,Masbate,Philippines,382-389-304,"+63 (971) 891-6264",Macejkovic-Schiller,http://www.dooley.com/esse-expedita-corporis-excepturi-qui,"Coaches and Scout",silver,2017-11-10,tparker@gmail.com,(D&i%;;Epsw+V
e15e6db6-7352-30cf-bd05-790eb81816aa,Mr.,Rey,Murazik,"84 McKenzie Dam",Poblacion,"La Carlota",Leyte,Philippines,462-336-031,"+63 (930) 161-9789","Rodriguez Group",https://hansen.net/similique-eveniet-itaque-eum-quos-ipsam.html,"Answering Service",silver,1997-08-09,berenice71@dach.net,#2LVI9H
8c8fc72f-d539-38d0-8390-f28edd17aa80,Miss,Herta,Hessel,"03A Wyman Radial Apt. 349",Poblacion,Talisay,"Camarines Sur",Philippines,230-469-012,"(0915) 654-9958","Terry, Wiza and Tromp",http://www.jerde.com/et-sit-necessitatibus-sapiente-quas-et-saepe-vel.html,"Industrial Engineer",maroon,1974-07-22,cmohr@cormier.biz,p(xEMs
2e70bc30-8f42-3268-9864-4be8583028b8,Ms.,Lourdes,Lakin,"37A/87 Kirlin Parks",Poblacion,Marikina,Capiz,Philippines,622-384-599,"(0813) 455-2540","Ledner, Boehm and Zemlak",http://botsford.net/,"Multiple Machine Tool Setter",teal,1973-01-20,pwisoky@hotmail.com,^AQN.Alf#
4c167fc2-f383-31b5-b6ba-dc1942d2a4de,Ms.,Aubree,Hill,"95 Volkman Row Apt. 549",Poblacion,Laoag,Biliran,Philippines,200-156-165,"(0931) 094-5288",Zboncak-Berge,http://shanahan.com/quia-et-et-omnis-sint-et-ea-possimus.html,Paralegal,black,2003-12-18,providenci.hansen@schmeler.org,"y""x@n%CKFoB}md}:]6u"
efa41044-845c-3af6-b9a2-56420598073d,Prof.,Rasheed,Klocko,"69A Williamson Path Suite 223",Poblacion,Dasmariñas,Laguna,Philippines,551-401-326,"+63 (974) 494-3090",Effertz-Denesik,http://www.considine.com/aut-sit-recusandae-culpa-adipisci-ab.html,Tailor,black,1978-07-24,margie57@yahoo.com,h?g}]6lYyhO3!
ad7784f4-4b1e-36bc-b3e3-5b2e7d2612cc,Mr.,Rosetta,Rempel,"21/43 McKenzie Knolls Apt. 824",Poblacion,Bais,Tawi-Tawi,Philippines,134-671-475,"+63 (971) 306-0852","Roberts, Jast and Ward",http://miller.com/,"Marine Engineer",white,1977-06-25,kyla.kutch@yahoo.com,sp.@TjDp?yDUIyZ0z&Ps
c25ae6a7-5dc0-3b0d-a12d-9ccfe890d384,Miss,Madalyn,Nitzsche,"18 Bashirian Coves",Poblacion,Palayan,"Southern Leyte",Philippines,603-173-908,"(0926) 463-7873",Schaefer-Tillman,http://schultz.com/vel-corporis-deserunt-suscipit-tempora,"Boat Builder and Shipwright",gray,1971-04-04,jrodriguez@gmail.com,3N%m3rd
b74e3a00-2fda-3efd-bc51-379d5625ccc7,Ms.,Maxwell,Russel,"14 Koelpin Pines Apt. 236",Poblacion,Ligao,"Lanao del Norte",Philippines,917-762-104,"+63 (938) 631-5490",Kemmer-Hartmann,http://www.bartell.com/ex-inventore-molestiae-exercitationem-illum-explicabo-velit.html,"Government Property Inspector",purple,2022-01-19,lupe.koepp@ankunding.com,"+BiIeI+XHZ\z=LGlq9"
445f1bbf-211e-364c-8542-52964f7a0772,Dr.,Samantha,Kertzmann,"40 Ritchie Track",Poblacion,Cabanatuan,Iloilo,Philippines,743-558-616,"(0973) 713-8997","Dibbert Group",http://bernhard.com/illum-facere-quos-earum-voluptatem-quisquam-aliquam-atque,"Crushing Grinding Machine Operator",black,2022-10-26,qjenkins@gmail.com,Io(Y@U|&UGyx=jbe
06faa010-6268-31e7-adef-e3510c6d4496,Mrs.,Martine,Lockman,"99/16 Walsh Square Apt. 856",Poblacion,"Zamboanga City",Quirino,Philippines,121-178-017,"(0912) 739-7573",Hayes-Streich,https://sipes.com/ut-natus-provident-sed-adipisci-enim.html,"Radio Operator",lime,1992-01-01,barton.rosario@gmail.com,}Fzn4=p=P2|
b6607f2e-58d8-3b2c-8653-5638ae98cd2b,Prof.,River,Haley,"86 Jast Centers Apt. 190",Poblacion,"Zamboanga City","Ilocos Sur",Philippines,378-485-232,"(0975) 198-0598","Flatley Group",http://herzog.net/,"Aviation Inspector",fuchsia,2013-01-18,wunsch.augustine@hotmail.com,"'Jt"":Xb49""'KrQk~XD1?"
c7daaede-b070-3737-8745-691bb4f21446,Mr.,Edwina,Gutkowski,"88A/16 Upton Inlet",Poblacion,"Puerto Princesa","Surigao del Sur",Philippines,831-976-799,"+63 (921) 754-2931","Renner and Sons",http://mohr.org/quaerat-quis-tempore-sit.html,"Pantograph Engraver",gray,1989-09-15,patsy.pfeffer@mckenzie.com,+@S{|C|[0
dea1ea21-68de-318c-a244-dc655feb2ffc,Mr.,Deven,Kling,"85 Turner Dam Apt. 822",Poblacion,"Quezon City",Kalinga,Philippines,781-914-003,"(0989) 740-2541",Roob-Schinner,http://www.daniel.com/,"Home Appliance Repairer",silver,2018-01-17,curtis.morissette@heaney.com,r%_r1MsP;Y
d06c0d1d-0111-3779-9410-043d72fe6002,Dr.,Misty,Wunsch,"89A Jaskolski Meadow",Poblacion,Cadiz,Bulacan,Philippines,810-186-255,"+63 (936) 162-1325","Klein Inc",http://bailey.org/adipisci-laudantium-quod-et-et-tempore-hic,"Career Counselor",black,1971-08-02,leannon.mable@gmail.com,TytL;Vja62w*TYT@s
8e8a2bee-3186-3c27-85b6-c2be214931bb,Dr.,Modesto,Moen,"51/29 Beer Centers Suite 863",Poblacion,Imus,Capiz,Philippines,145-115-124,"(0926) 433-6614",Schaden-Koss,http://welch.info/illo-iste-animi-neque-enim-est.html,"Credit Checkers Clerk",black,2018-07-10,willis14@yahoo.com,"M[f=eHM?""5VQ=]=H'8u8"
65260e19-1274-3c17-957c-a01b11653115,Mr.,Hugh,Zboncak,"49/33 Swaniawski Union Apt. 194",Poblacion,Tacloban,Sulu,Philippines,208-354-144,"+63 (916) 401-1680","Kub LLC",https://beier.biz/consequatur-error-facere-porro-voluptatem-nam-recusandae.html,"Traffic Technician",silver,1983-01-07,wisozk.bryana@wintheiser.com,r$LTg9Xz
d0b47d3b-dd28-335a-97e6-e4c9a3cf4258,Miss,Isai,Hartmann,"12A Crooks Isle",Poblacion,"San Carlos",Cotabato,Philippines,651-481-227,"(0938) 634-3102","Gleichner, Waelchi and Kovacek",http://lang.net/officia-facere-reprehenderit-iusto-laboriosam-sit-ut,"Respiratory Therapist",purple,1973-07-19,lbuckridge@gmail.com,"I,BIKHhZDZ4-q(<m_0s"
df78218a-68d3-3641-bbbf-7cb4f848554e,Dr.,Alberta,Kshlerin,"82A Hayes Islands Suite 328",Poblacion,Mandaluyong,Cebu,Philippines,162-372-735,"(0948) 677-5961",Weissnat-White,http://rice.com/natus-repellat-quas-earum-aspernatur-ut,"Medical Records Technician",teal,2019-12-28,cathryn.schultz@roberts.com,Sl5Y}{Yafht
672d09f3-169d-332e-8ebb-8134e4e5eb20,Miss,Beulah,Schoen,"68A/38 Volkman Glen Apt. 779",Poblacion,Passi,"Misamis Occidental",Philippines,662-135-513,"(0933) 834-9500","Hilpert, O'Connell and Ortiz",http://www.hyatt.com/,"Petroleum Technician",fuchsia,1987-01-23,oborer@hotmail.com,]/ACVr;22T@wF
500b15f9-c472-36a3-8cc6-9a060a062468,Dr.,Narciso,Bartell,"45A/96 Spencer Ramp Apt. 809",Poblacion,Lucena,Leyte,Philippines,176-977-150,"+63 (996) 573-8413","Gutmann PLC",https://oberbrunner.com/fuga-aut-illum-atque-distinctio-sapiente.html,"Patrol Officer",white,2016-06-27,garret62@gmail.com,_bW$+PyMAc
0883f819-9c01-3548-928c-3d392fbd9482,Dr.,Bo,Hermiston,"95A/65 Pacocha Estate",Poblacion,Iligan,Catanduanes,Philippines,295-793-688,"+63 (919) 487-5648","Bergstrom and Sons",http://www.feest.org/quo-fugiat-quasi-impedit-velit,"Nursing Aide",yellow,2015-03-07,stoltenberg.gregg@kutch.com,`O3@pxW$(UT!#/JJoR
0b5a5015-48f1-3968-bd75-ebbb68dea4aa,Prof.,Ramona,Mante,"54/95 Volkman Ports Suite 002",Poblacion,Valencia,"Nueva Ecija",Philippines,161-633-695,"(0921) 154-6423","Goodwin, Spinka and Champlin",http://www.weimann.net/,"Milling Machine Operator",yellow,1974-06-13,austen72@sanford.biz,Y+&$51]nFG^
b09695c6-8869-346e-ba7d-96e7188a9269,Mr.,Damaris,Upton,"58A/55 Keeling Estate Apt. 335",Poblacion,Butuan,"Lanao del Norte",Philippines,511-234-840,"(0973) 789-3703","Greenfelder Inc",http://www.barrows.com/nulla-qui-quia-at-quia-sed-eveniet.html,"Emergency Management Specialist",lime,1992-08-12,liana91@yahoo.com,dr]!_$OY4HGBYr$cWrC
b6acc7d2-6dc0-345e-95eb-affdbb2b0b02,Dr.,Wade,Lueilwitz,"88A/06 Erdman Cliff Suite 975",Poblacion,"Iloilo City","Surigao del Norte",Philippines,573-270-045,"+63 (919) 917-4034","Walsh Inc",http://www.greenfelder.net/sint-et-numquam-consequatur-alias-quibusdam,"Real Estate Association Manager",fuchsia,2001-02-03,ullrich.baylee@yahoo.com,%]B7-gi_lB
50710bee-7544-3ec1-8ae2-d0976c38b542,Mr.,Macy,Raynor,"83 Stroman Garden Apt. 119",Poblacion,Baguio,Pangasinan,Philippines,100-395-940,"+63 (938) 725-0012","Block Group",http://www.wunsch.com/omnis-repudiandae-quo-harum-ut-qui-ea,"Camera Operator",olive,1982-04-22,estel.dietrich@gmail.com,9@f}+D
c8385abb-61a7-3d2c-8ed4-11f9d1a973ea,Mrs.,Kenny,McKenzie,"53/59 Langworth Ports",Poblacion,Iriga,Apayao,Philippines,323-079-219,"(0918) 609-4901",Bosco-Mohr,http://abernathy.net/quia-optio-deleniti-facere-enim-quae-voluptatibus,"Agricultural Crop Worker",maroon,1974-08-02,goyette.amira@veum.biz,OWq(!4x
4a6adfe7-83a0-3f65-8339-b1add3f03bed,Mrs.,Minnie,Schmitt,"68A Yundt Canyon",Poblacion,Cabuyao,Iloilo,Philippines,564-773-166,"+63 (997) 640-4765","Marvin, Ward and Stanton",http://okeefe.org/aut-sit-temporibus-dolorum-sunt.html,"Explosives Expert",blue,2004-06-18,vjohnson@gaylord.biz,"""nCn#na+=6>`"
ecddf4a5-b933-3b9f-9416-3895299945c0,Miss,Tyrell,Koelpin,"32A/14 Mayert Manors Apt. 618",Poblacion,Oroquieta,Abra,Philippines,428-206-027,"(0940) 987-0994","Schumm, Rolfson and Stark",http://www.quitzon.info/iure-exercitationem-repellat-vel-quidem-quia,"Floor Layer",white,2018-09-12,bill.fisher@gmail.com,6viV%Hqt
b786acd6-e253-348e-827e-c57ef1a747b9,Prof.,Elda,Kling,"58A Hudson Summit",Poblacion,"Batangas City",Iloilo,Philippines,305-373-391,"(0930) 384-7253","Reichert PLC",http://spinka.info/hic-labore-voluptatem-in-nihil-vitae-fugit-aliquam.html,"Etcher and Engraver",teal,2001-06-03,white.kay@gmail.com,"zR\eyJMC>Yu51K"
b448ebf5-192c-377c-9c9d-1d5a0d4d60e1,Miss,Rosalind,Sawayn,"95A/51 Orn Bypass Suite 537",Poblacion,"General Santos","Zamboanga Sibugay",Philippines,379-064-786,"(0949) 887-2434","Stamm Group",https://www.bergnaum.com/culpa-voluptas-amet-ut-ducimus-ad,"Electronics Engineer",gray,1995-05-01,karson41@watsica.info,"cH%LRatAY,j^?."
6dc41309-46c7-3e31-b050-c97322457081,Prof.,Erika,Champlin,"97/48 Roberts Neck",Poblacion,"Surigao City",Benguet,Philippines,091-858-981,"(0909) 355-6965","Schowalter Inc",http://www.breitenberg.com/ut-ex-quia-sint-ex,"Survey Researcher",lime,2019-11-27,christy.kuphal@hotmail.com,$ovkI6
f021f312-d698-33f2-98de-881ba1768184,Ms.,Laron,Graham,"99/84 Hayes Pass",Poblacion,Malolos,"Nueva Vizcaya",Philippines,788-757-488,"+63 (997) 498-3627","Hill PLC",http://greenfelder.org/ut-sequi-soluta-dolores-in-odio-nesciunt-vitae,"Recreational Therapist",gray,1970-08-07,roob.yazmin@yahoo.com,>X-sJv<
b9779108-0d67-324e-876f-186015b73063,Prof.,Abigail,Auer,"16 Gulgowski Ports",Poblacion,Biñan,Iloilo,Philippines,115-752-750,"(0989) 994-9341",Brakus-Hane,http://www.jacobi.com/harum-omnis-voluptas-ut-ab-commodi-illo-aut.html,"Armored Assault Vehicle Crew Member",lime,1999-08-26,schroeder.vincent@hotmail.com,U@E~?Aq
88b8c78f-a149-37b8-8caf-bdba2d2dd358,Dr.,Bell,Parker,"66/25 Gulgowski Mountain Suite 632",Poblacion,Pasay,Samar,Philippines,191-628-594,"+63 (921) 128-9056",Feil-Mayert,http://www.ferry.com/dicta-ea-itaque-consequatur-consequatur-aut,"Sawing Machine Tool Setter",lime,1998-12-11,fschmeler@hotmail.com,HjbMj=Ztk/)bauYt]:}
16aebd52-afa1-3f51-8df1-5ccd46a30680,Mrs.,Johnpaul,Kub,"38A Schuppe Parkway",Poblacion,"Cavite City",Samar,Philippines,270-232-560,"+63 (935) 868-5387","Kertzmann Inc",http://glover.com/minus-ipsa-sint-consequatur-possimus.html,"Welder and Cutter",teal,1989-06-21,ajacobi@hermann.com,"3,Ph\4%|=~-AXQ"
4839e651-e3f3-39c4-8200-e0559c09a9f5,Prof.,Junius,Homenick,"76 Ullrich Grove Suite 792",Poblacion,Cadiz,"Northern Samar",Philippines,424-402-868,"(0907) 135-3370","Rosenbaum, Predovic and Gulgowski",http://rogahn.org/delectus-et-quidem-dignissimos-earum-rem-et-animi.html,"Taxi Drivers and Chauffeur",yellow,1975-09-27,timmothy.kunde@yahoo.com,"}\d/\ogN676kXG2JNe"
7ef3dda3-394c-385b-b081-8060d1db4f31,Miss,Betsy,Hermiston,"23A Runte Court",Poblacion,"Puerto Princesa","Dinagat Islands",Philippines,410-845-763,"+63 (971) 814-2041",Stoltenberg-Dibbert,https://greenholt.info/accusamus-quam-dolorem-soluta.html,Brazer,purple,1972-08-27,krajcik.anya@vandervort.com,Ef113@PN_%|
cb3bf10f-a58a-3caf-a633-fbd4b776b3a2,Mrs.,Shad,Ortiz,"46A/08 Okuneva Station Apt. 359",Poblacion,"General Santos","Davao del Sur",Philippines,589-740-984,"(0817) 771-0701","Lehner, Ankunding and Armstrong",http://www.collier.com/,Choreographer,aqua,1970-10-29,purdy.jazmyn@emard.com,c+d{GZ?P1
5eb5ae1e-8193-3f1c-b68c-a9a64598c5a0,Dr.,Zachariah,Pfeffer,"64/48 Hilpert Forges Suite 275",Poblacion,Guihulngan,Pampanga,Philippines,580-849-006,"+63 (935) 580-2842",Upton-Rempel,https://www.legros.biz/dolores-ex-dolore-vel,"Product Safety Engineer",yellow,1989-12-20,vstark@hotmail.com,C6~q11t25O6@t
9ac6fa6e-b479-3440-b66d-8f1532653b0c,Miss,Guadalupe,Konopelski,"19A Tromp Plaza",Poblacion,Himamaylan,Tarlac,Philippines,364-605-416,"(0946) 703-3841","Wisoky Inc",http://www.schinner.net/numquam-provident-ut-id-illo.html,Dentist,green,1985-02-18,bayer.lenore@hotmail.com,",w*]l,o/q"
f212210e-cd45-3ea2-9d48-cd4c5e86186c,Mrs.,Lorenzo,Smith,"93/11 Barrows Mill Suite 630",Poblacion,Makati,Bataan,Philippines,100-906-620,"(0927) 047-0577",Abshire-Nicolas,http://www.hand.com/ea-at-ad-facere-iste-error-voluptatem.html,"Etcher and Engraver",teal,1979-03-17,pmarquardt@fadel.com,rSVRC5M!
c3b98be8-65e1-38dd-89b9-3abdd0749f4b,Prof.,Kay,Lang,"84/15 Schiller Lock Suite 897",Poblacion,Tayabas,"Surigao del Sur",Philippines,234-922-046,"(0915) 718-1192","Moore Ltd",http://www.schowalter.com/qui-facilis-et-natus-exercitationem,"Fabric Pressers",blue,1979-01-17,sauer.alize@hotmail.com,"h""k0/`or&""$M("
8cda8dc4-07ae-3f98-b7b4-95a58a6ec7cf,Miss,Loraine,Zulauf,"68A Cremin Harbor",Poblacion,Marawi,"Sultan Kudarat",Philippines,294-149-899,"+63 (940) 889-7104","Marvin, Willms and Kiehn",http://www.feest.com/unde-delectus-enim-deserunt-voluptatem-nam-occaecati-cumque.html,"Social Scientists",silver,1988-02-06,laisha.hirthe@kreiger.com,qKBvpv_z
4d75bda0-4672-38ff-bb64-088ae8d0af59,Mr.,Nina,O'Reilly,"42/27 Pacocha Flats",Poblacion,Taguig,Iloilo,Philippines,688-425-577,"+63 (980) 197-1046","Kulas, Flatley and Pfannerstill",https://www.medhurst.com/unde-nulla-eligendi-sit-enim-laboriosam-aperiam,"Pastry Chef",gray,1996-06-22,qosinski@klocko.com,AlTqM9~`.
